modulation,severity,snr_db_in,method,ber,errors,bits
BPSK,0.0,-10,No Processing,0.32841333333333333,49262,150000
BPSK,0.0,0,No Processing,0.07844666666666666,11767,150000
BPSK,0.0,10,No Processing,0.0,0,150000
BPSK,0.0,20,No Processing,0.0,0,150000
BPSK,0.0,-10,LMS,0.35672,53508,150000
BPSK,0.0,0,LMS,0.11094,16641,150000
BPSK,0.0,10,LMS,8e-05,12,150000
BPSK,0.0,20,LMS,3.3333333333333335e-05,5,150000
BPSK,0.0,-10,NLMS,0.35796,53694,150000
BPSK,0.0,0,NLMS,0.11196666666666667,16795,150000
BPSK,0.0,10,NLMS,0.00013333333333333334,20,150000
BPSK,0.0,20,NLMS,2e-05,3,150000
BPSK,0.0,-10,CNN,0.33748,50622,150000
BPSK,0.0,0,CNN,0.08450666666666666,12676,150000
BPSK,0.0,10,CNN,2e-05,3,150000
BPSK,0.0,20,CNN,0.0,0,150000
BPSK,0.0,-10,MMSE (Genie),0.32837333333333335,49256,150000
BPSK,0.0,0,MMSE (Genie),0.07844666666666666,11767,150000
BPSK,0.0,10,MMSE (Genie),0.0,0,150000
BPSK,0.0,20,MMSE (Genie),0.0,0,150000
BPSK,0.25,-10,No Processing,0.32904,49356,150000
BPSK,0.25,0,No Processing,0.07926,11889,150000
BPSK,0.25,10,No Processing,6.666666666666667e-06,1,150000
BPSK,0.25,20,No Processing,0.0,0,150000
BPSK,0.25,-10,LMS,0.3586533333333333,53798,150000
BPSK,0.25,0,LMS,0.11281333333333333,16922,150000
BPSK,0.25,10,LMS,9.333333333333333e-05,14,150000
BPSK,0.25,20,LMS,3.3333333333333335e-05,5,150000
BPSK,0.25,-10,NLMS,0.35901333333333335,53852,150000
BPSK,0.25,0,NLMS,0.11375333333333333,17063,150000
BPSK,0.25,10,NLMS,0.00016666666666666666,25,150000
BPSK,0.25,20,NLMS,2e-05,3,150000
BPSK,0.25,-10,CNN,0.33419333333333334,50129,150000
BPSK,0.25,0,CNN,0.08363333333333334,12545,150000
BPSK,0.25,10,CNN,6.666666666666667e-06,1,150000
BPSK,0.25,20,CNN,0.0,0,150000
BPSK,0.25,-10,MMSE (Genie),0.32793333333333335,49190,150000
BPSK,0.25,0,MMSE (Genie),0.0785,11775,150000
BPSK,0.25,10,MMSE (Genie),0.0,0,150000
BPSK,0.25,20,MMSE (Genie),0.0,0,150000
BPSK,0.5,-10,No Processing,0.33063333333333333,49595,150000
BPSK,0.5,0,No Processing,0.08139333333333333,12209,150000
BPSK,0.5,10,No Processing,6.666666666666667e-06,1,150000
BPSK,0.5,20,No Processing,0.0,0,150000
BPSK,0.5,-10,LMS,0.3595333333333333,53930,150000
BPSK,0.5,0,LMS,0.11566,17349,150000
BPSK,0.5,10,LMS,0.00012,18,150000
BPSK,0.5,20,LMS,3.3333333333333335e-05,5,150000
BPSK,0.5,-10,NLMS,0.36033333333333334,54050,150000
BPSK,0.5,0,NLMS,0.1166,17490,150000
BPSK,0.5,10,NLMS,0.0002,30,150000
BPSK,0.5,20,NLMS,2e-05,3,150000
BPSK,0.5,-10,CNN,0.33596,50394,150000
BPSK,0.5,0,CNN,0.08286666666666667,12430,150000
BPSK,0.5,10,CNN,6.666666666666667e-06,1,150000
BPSK,0.5,20,CNN,0.0,0,150000
BPSK,0.5,-10,MMSE (Genie),0.32748,49122,150000
BPSK,0.5,0,MMSE (Genie),0.07871333333333333,11807,150000
BPSK,0.5,10,MMSE (Genie),0.0,0,150000
BPSK,0.5,20,MMSE (Genie),0.0,0,150000
BPSK,0.75,-10,No Processing,0.33262,49893,150000
BPSK,0.75,0,No Processing,0.08408,12612,150000
BPSK,0.75,10,No Processing,6.666666666666667e-06,1,150000
BPSK,0.75,20,No Processing,0.0,0,150000
BPSK,0.75,-10,LMS,0.36104,54156,150000
BPSK,0.75,0,LMS,0.11861333333333333,17792,150000
BPSK,0.75,10,LMS,0.00017333333333333334,26,150000
BPSK,0.75,20,LMS,2.6666666666666667e-05,4,150000
BPSK,0.75,-10,NLMS,0.36156666666666665,54235,150000
BPSK,0.75,0,NLMS,0.11973333333333333,17960,150000
BPSK,0.75,10,NLMS,0.0002666666666666667,40,150000
BPSK,0.75,20,NLMS,2e-05,3,150000
BPSK,0.75,-10,CNN,0.33365333333333336,50048,150000
BPSK,0.75,0,CNN,0.08323333333333334,12485,150000
BPSK,0.75,10,CNN,6.666666666666667e-06,1,150000
BPSK,0.75,20,CNN,0.0,0,150000
BPSK,0.75,-10,MMSE (Genie),0.32812,49218,150000
BPSK,0.75,0,MMSE (Genie),0.07919333333333334,11879,150000
BPSK,0.75,10,MMSE (Genie),0.0,0,150000
BPSK,0.75,20,MMSE (Genie),0.0,0,150000
BPSK,1.0,-10,No Processing,0.335,50250,150000
BPSK,1.0,0,No Processing,0.08726,13089,150000
BPSK,1.0,10,No Processing,6.666666666666667e-06,1,150000
BPSK,1.0,20,No Processing,0.0,0,150000
BPSK,1.0,-10,LMS,0.3622,54330,150000
BPSK,1.0,0,LMS,0.12158,18237,150000
BPSK,1.0,10,LMS,0.0003,45,150000
BPSK,1.0,20,LMS,2.6666666666666667e-05,4,150000
BPSK,1.0,-10,NLMS,0.3628266666666667,54424,150000
BPSK,1.0,0,NLMS,0.12267333333333333,18401,150000
BPSK,1.0,10,NLMS,0.00038666666666666667,58,150000
BPSK,1.0,20,NLMS,2e-05,3,150000
BPSK,1.0,-10,CNN,0.3351,50265,150000
BPSK,1.0,0,CNN,0.08276666666666667,12415,150000
BPSK,1.0,10,CNN,6.666666666666667e-06,1,150000
BPSK,1.0,20,CNN,0.0,0,150000
BPSK,1.0,-10,MMSE (Genie),0.32828,49242,150000
BPSK,1.0,0,MMSE (Genie),0.07968666666666667,11953,150000
BPSK,1.0,10,MMSE (Genie),0.0,0,150000
BPSK,1.0,20,MMSE (Genie),0.0,0,150000
QPSK,0.0,-10,No Processing,0.37321666666666664,111965,300000
QPSK,0.0,0,No Processing,0.15909666666666666,47729,300000
QPSK,0.0,10,No Processing,0.0008433333333333333,253,300000
QPSK,0.0,20,No Processing,0.0,0,300000
QPSK,0.0,-10,LMS,0.39299666666666666,117899,300000
QPSK,0.0,0,LMS,0.18633333333333332,55900,300000
QPSK,0.0,10,LMS,0.0016233333333333334,487,300000
QPSK,0.0,20,LMS,1.6666666666666667e-05,5,300000
QPSK,0.0,-10,NLMS,0.39408,118224,300000
QPSK,0.0,0,NLMS,0.18744,56232,300000
QPSK,0.0,10,NLMS,0.00211,633,300000
QPSK,0.0,20,NLMS,6.666666666666667e-06,2,300000
QPSK,0.0,-10,CNN,0.3828666666666667,114860,300000
QPSK,0.0,0,CNN,0.16536666666666666,49610,300000
QPSK,0.0,10,CNN,0.0013233333333333333,397,300000
QPSK,0.0,20,CNN,0.0,0,300000
QPSK,0.0,-10,MMSE (Genie),0.37321,111963,300000
QPSK,0.0,0,MMSE (Genie),0.15909333333333334,47728,300000
QPSK,0.0,10,MMSE (Genie),0.0008333333333333334,250,300000
QPSK,0.0,20,MMSE (Genie),0.0,0,300000
QPSK,0.25,-10,No Processing,0.37369,112107,300000
QPSK,0.25,0,No Processing,0.16107,48321,300000
QPSK,0.25,10,No Processing,0.00122,366,300000
QPSK,0.25,20,No Processing,0.0,0,300000
QPSK,0.25,-10,LMS,0.39411,118233,300000
QPSK,0.25,0,LMS,0.18828333333333333,56485,300000
QPSK,0.25,10,LMS,0.00184,552,300000
QPSK,0.25,20,LMS,1.6666666666666667e-05,5,300000
QPSK,0.25,-10,NLMS,0.39465333333333336,118396,300000
QPSK,0.25,0,NLMS,0.18954,56862,300000
QPSK,0.25,10,NLMS,0.0023666666666666667,710,300000
QPSK,0.25,20,NLMS,6.666666666666667e-06,2,300000
QPSK,0.25,-10,CNN,0.38211,114633,300000
QPSK,0.25,0,CNN,0.16596,49788,300000
QPSK,0.25,10,CNN,0.0015266666666666666,458,300000
QPSK,0.25,20,CNN,0.0,0,300000
QPSK,0.25,-10,MMSE (Genie),0.37307,111921,300000
QPSK,0.25,0,MMSE (Genie),0.16055666666666665,48167,300000
QPSK,0.25,10,MMSE (Genie),0.0018366666666666666,551,300000
QPSK,0.25,20,MMSE (Genie),0.0,0,300000
QPSK,0.5,-10,No Processing,0.37495666666666666,112487,300000
QPSK,0.5,0,No Processing,0.16601,49803,300000
QPSK,0.5,10,No Processing,0.0024733333333333335,742,300000
QPSK,0.5,20,No Processing,0.0,0,300000
QPSK,0.5,-10,LMS,0.39521333333333336,118564,300000
QPSK,0.5,0,LMS,0.19117666666666666,57353,300000
QPSK,0.5,10,LMS,0.0022633333333333333,679,300000
QPSK,0.5,20,LMS,1.6666666666666667e-05,5,300000
QPSK,0.5,-10,NLMS,0.3958933333333333,118768,300000
QPSK,0.5,0,NLMS,0.19205666666666665,57617,300000
QPSK,0.5,10,NLMS,0.0027133333333333332,814,300000
QPSK,0.5,20,NLMS,6.666666666666667e-06,2,300000
QPSK,0.5,-10,CNN,0.38028666666666666,114086,300000
QPSK,0.5,0,CNN,0.16722333333333333,50167,300000
QPSK,0.5,10,CNN,0.00167,501,300000
QPSK,0.5,20,CNN,0.0,0,300000
QPSK,0.5,-10,MMSE (Genie),0.37334333333333336,112003,300000
QPSK,0.5,0,MMSE (Genie),0.16353333333333334,49060,300000
QPSK,0.5,10,MMSE (Genie),0.005043333333333334,1513,300000
QPSK,0.5,20,MMSE (Genie),0.0,0,300000
QPSK,0.75,-10,No Processing,0.37663,112989,300000
QPSK,0.75,0,No Processing,0.17177666666666666,51533,300000
QPSK,0.75,10,No Processing,0.004996666666666667,1499,300000
QPSK,0.75,20,No Processing,0.0,0,300000
QPSK,0.75,-10,LMS,0.39637666666666665,118913,300000
QPSK,0.75,0,LMS,0.19378333333333334,58135,300000
QPSK,0.75,10,LMS,0.00275,825,300000
QPSK,0.75,20,LMS,1.6666666666666667e-05,5,300000
QPSK,0.75,-10,NLMS,0.39716,119148,300000
QPSK,0.75,0,NLMS,0.19475,58425,300000
QPSK,0.75,10,NLMS,0.00323,969,300000
QPSK,0.75,20,NLMS,6.666666666666667e-06,2,300000
QPSK,0.75,-10,CNN,0.3811466666666667,114344,300000
QPSK,0.75,0,CNN,0.16596,49788,300000
QPSK,0.75,10,CNN,0.0015866666666666666,476,300000
QPSK,0.75,20,CNN,0.0,0,300000
QPSK,0.75,-10,MMSE (Genie),0.3733066666666667,111992,300000
QPSK,0.75,0,MMSE (Genie),0.16739,50217,300000
QPSK,0.75,10,MMSE (Genie),0.011063333333333333,3319,300000
QPSK,0.75,20,MMSE (Genie),3.3333333333333333e-06,1,300000
QPSK,1.0,-10,No Processing,0.37851,113553,300000
QPSK,1.0,0,No Processing,0.17825666666666667,53477,300000
QPSK,1.0,10,No Processing,0.00909,2727,300000
QPSK,1.0,20,No Processing,0.0,0,300000
QPSK,1.0,-10,LMS,0.39714666666666665,119144,300000
QPSK,1.0,0,LMS,0.19658333333333333,58975,300000
QPSK,1.0,10,LMS,0.0033966666666666668,1019,300000
QPSK,1.0,20,LMS,1e-05,3,300000
QPSK,1.0,-10,NLMS,0.39810666666666666,119432,300000
QPSK,1.0,0,NLMS,0.19744,59232,300000
QPSK,1.0,10,NLMS,0.003756666666666667,1127,300000
QPSK,1.0,20,NLMS,6.666666666666667e-06,2,300000
QPSK,1.0,-10,CNN,0.38216666666666665,114650,300000
QPSK,1.0,0,CNN,0.16668,50004,300000
QPSK,1.0,10,CNN,0.00162,486,300000
QPSK,1.0,20,CNN,0.0,0,300000
QPSK,1.0,-10,MMSE (Genie),0.3739733333333333,112192,300000
QPSK,1.0,0,MMSE (Genie),0.1705,51150,300000
QPSK,1.0,10,MMSE (Genie),0.018893333333333335,5668,300000
QPSK,1.0,20,MMSE (Genie),0.00046333333333333334,139,300000
