modulation,trial,snr_db_in,method,ber,errors,bits
BPSK,0,-5,No Processing,0.3487,6974,20000
BPSK,0,-5,LMS-Frozen,0.4007,8014,20000
BPSK,0,-5,LMS-DD,0.4007,8014,20000
BPSK,0,-5,NLMS-Frozen,0.4121,8242,20000
BPSK,0,-5,NLMS-DD,0.4121,8242,20000
BPSK,0,0,No Processing,0.29295,5859,20000
BPSK,0,0,LMS-Frozen,0.31115,6223,20000
BPSK,0,0,LMS-DD,0.31115,6223,20000
BPSK,0,0,NLMS-Frozen,0.31575,6315,20000
BPSK,0,0,NLMS-DD,0.31575,6315,20000
BPSK,0,5,No Processing,0.2631,5262,20000
BPSK,0,5,LMS-Frozen,0.2748,5496,20000
BPSK,0,5,LMS-DD,0.2748,5496,20000
BPSK,0,5,NLMS-Frozen,0.27455,5491,20000
BPSK,0,5,NLMS-DD,0.27455,5491,20000
BPSK,0,10,No Processing,0.2463,4926,20000
BPSK,0,10,LMS-Frozen,0.2592,5184,20000
BPSK,0,10,LMS-DD,0.2592,5184,20000
BPSK,0,10,NLMS-Frozen,0.24945,4989,20000
BPSK,0,10,NLMS-DD,0.24945,4989,20000
BPSK,0,15,No Processing,0.2324,4648,20000
BPSK,0,15,LMS-Frozen,0.2425,4850,20000
BPSK,0,15,LMS-DD,0.21815,4363,20000
BPSK,0,15,NLMS-Frozen,0.2305,4610,20000
BPSK,0,15,NLMS-DD,0.2305,4610,20000
BPSK,1,-5,No Processing,0.2709,5418,20000
BPSK,1,-5,LMS-Frozen,0.28225,5645,20000
BPSK,1,-5,LMS-DD,0.28225,5645,20000
BPSK,1,-5,NLMS-Frozen,0.2859,5718,20000
BPSK,1,-5,NLMS-DD,0.2859,5718,20000
BPSK,1,0,No Processing,0.16875,3375,20000
BPSK,1,0,LMS-Frozen,0.17925,3585,20000
BPSK,1,0,LMS-DD,0.17925,3585,20000
BPSK,1,0,NLMS-Frozen,0.17875,3575,20000
BPSK,1,0,NLMS-DD,0.17875,3575,20000
BPSK,1,5,No Processing,0.0901,1802,20000
BPSK,1,5,LMS-Frozen,0.0923,1846,20000
BPSK,1,5,LMS-DD,0.2515,5030,20000
BPSK,1,5,NLMS-Frozen,0.0924,1848,20000
BPSK,1,5,NLMS-DD,0.2481,4962,20000
BPSK,1,10,No Processing,0.06995,1399,20000
BPSK,1,10,LMS-Frozen,0.06855,1371,20000
BPSK,1,10,LMS-DD,0.0718,1436,20000
BPSK,1,10,NLMS-Frozen,0.068,1360,20000
BPSK,1,10,NLMS-DD,0.23125,4625,20000
BPSK,1,15,No Processing,0.06145,1229,20000
BPSK,1,15,LMS-Frozen,0.0592,1184,20000
BPSK,1,15,LMS-DD,0.0715,1430,20000
BPSK,1,15,NLMS-Frozen,0.0589,1178,20000
BPSK,1,15,NLMS-DD,0.22905,4581,20000
BPSK,2,-5,No Processing,0.23765,4753,20000
BPSK,2,-5,LMS-Frozen,0.27535,5507,20000
BPSK,2,-5,LMS-DD,0.27535,5507,20000
BPSK,2,-5,NLMS-Frozen,0.28295,5659,20000
BPSK,2,-5,NLMS-DD,0.28295,5659,20000
BPSK,2,0,No Processing,0.1019,2038,20000
BPSK,2,0,LMS-Frozen,0.1343,2686,20000
BPSK,2,0,LMS-DD,0.1343,2686,20000
BPSK,2,0,NLMS-Frozen,0.13785,2757,20000
BPSK,2,0,NLMS-DD,0.13785,2757,20000
BPSK,2,5,No Processing,0.0194,388,20000
BPSK,2,5,LMS-Frozen,0.039,780,20000
BPSK,2,5,LMS-DD,0.02855,571,20000
BPSK,2,5,NLMS-Frozen,0.0453,906,20000
BPSK,2,5,NLMS-DD,0.0453,906,20000
BPSK,2,10,No Processing,0.001,20,20000
BPSK,2,10,LMS-Frozen,0.00475,95,20000
BPSK,2,10,LMS-DD,0.00145,29,20000
BPSK,2,10,NLMS-Frozen,0.00725,145,20000
BPSK,2,10,NLMS-DD,0.00205,41,20000
BPSK,2,15,No Processing,0.0,0,20000
BPSK,2,15,LMS-Frozen,0.00055,11,20000
BPSK,2,15,LMS-DD,0.0005,10,20000
BPSK,2,15,NLMS-Frozen,0.00055,11,20000
BPSK,2,15,NLMS-DD,0.0003,6,20000
BPSK,3,-5,No Processing,0.2664,5328,20000
BPSK,3,-5,LMS-Frozen,0.2789,5578,20000
BPSK,3,-5,LMS-DD,0.2789,5578,20000
BPSK,3,-5,NLMS-Frozen,0.29155,5831,20000
BPSK,3,-5,NLMS-DD,0.29155,5831,20000
BPSK,3,0,No Processing,0.1418,2836,20000
BPSK,3,0,LMS-Frozen,0.1462,2924,20000
BPSK,3,0,LMS-DD,0.1462,2924,20000
BPSK,3,0,NLMS-Frozen,0.15015,3003,20000
BPSK,3,0,NLMS-DD,0.15015,3003,20000
BPSK,3,5,No Processing,0.0348,696,20000
BPSK,3,5,LMS-Frozen,0.03245,649,20000
BPSK,3,5,LMS-DD,0.03245,649,20000
BPSK,3,5,NLMS-Frozen,0.03855,771,20000
BPSK,3,5,NLMS-DD,0.03855,771,20000
BPSK,3,10,No Processing,0.00265,53,20000
BPSK,3,10,LMS-Frozen,0.0019,38,20000
BPSK,3,10,LMS-DD,0.00155,31,20000
BPSK,3,10,NLMS-Frozen,0.0027,54,20000
BPSK,3,10,NLMS-DD,0.0029,58,20000
BPSK,3,15,No Processing,0.0001,2,20000
BPSK,3,15,LMS-Frozen,0.0003,6,20000
BPSK,3,15,LMS-DD,0.0003,6,20000
BPSK,3,15,NLMS-Frozen,0.0001,2,20000
BPSK,3,15,NLMS-DD,0.0001,2,20000
BPSK,4,-5,No Processing,0.28505,5701,20000
BPSK,4,-5,LMS-Frozen,0.349,6980,20000
BPSK,4,-5,LMS-DD,0.349,6980,20000
BPSK,4,-5,NLMS-Frozen,0.35365,7073,20000
BPSK,4,-5,NLMS-DD,0.35365,7073,20000
BPSK,4,0,No Processing,0.18615,3723,20000
BPSK,4,0,LMS-Frozen,0.2719,5438,20000
BPSK,4,0,LMS-DD,0.2719,5438,20000
BPSK,4,0,NLMS-Frozen,0.27595,5519,20000
BPSK,4,0,NLMS-DD,0.27595,5519,20000
BPSK,4,5,No Processing,0.111,2220,20000
BPSK,4,5,LMS-Frozen,0.195,3900,20000
BPSK,4,5,LMS-DD,0.19515,3903,20000
BPSK,4,5,NLMS-Frozen,0.201,4020,20000
BPSK,4,5,NLMS-DD,0.38035,7607,20000
BPSK,4,10,No Processing,0.0822,1644,20000
BPSK,4,10,LMS-Frozen,0.17095,3419,20000
BPSK,4,10,LMS-DD,0.025,500,20000
BPSK,4,10,NLMS-Frozen,0.1827,3654,20000
BPSK,4,10,NLMS-DD,0.17985,3597,20000
BPSK,4,15,No Processing,0.07415,1483,20000
BPSK,4,15,LMS-Frozen,0.15425,3085,20000
BPSK,4,15,LMS-DD,0.01485,297,20000
BPSK,4,15,NLMS-Frozen,0.1665,3330,20000
BPSK,4,15,NLMS-DD,0.1764,3528,20000
QPSK,0,-5,No Processing,0.37885,15154,40000
QPSK,0,-5,LMS-Frozen,0.409925,16397,40000
QPSK,0,-5,LMS-DD,0.409925,16397,40000
QPSK,0,-5,NLMS-Frozen,0.412475,16499,40000
QPSK,0,-5,NLMS-DD,0.412475,16499,40000
QPSK,0,0,No Processing,0.32725,13090,40000
QPSK,0,0,LMS-Frozen,0.34685,13874,40000
QPSK,0,0,LMS-DD,0.34685,13874,40000
QPSK,0,0,NLMS-Frozen,0.354725,14189,40000
QPSK,0,0,NLMS-DD,0.354725,14189,40000
QPSK,0,5,No Processing,0.2928,11712,40000
QPSK,0,5,LMS-Frozen,0.30165,12066,40000
QPSK,0,5,LMS-DD,0.30165,12066,40000
QPSK,0,5,NLMS-Frozen,0.303225,12129,40000
QPSK,0,5,NLMS-DD,0.303225,12129,40000
QPSK,0,10,No Processing,0.281575,11263,40000
QPSK,0,10,LMS-Frozen,0.287975,11519,40000
QPSK,0,10,LMS-DD,0.287975,11519,40000
QPSK,0,10,NLMS-Frozen,0.285275,11411,40000
QPSK,0,10,NLMS-DD,0.285275,11411,40000
QPSK,0,15,No Processing,0.2838,11352,40000
QPSK,0,15,LMS-Frozen,0.287975,11519,40000
QPSK,0,15,LMS-DD,0.287975,11519,40000
QPSK,0,15,NLMS-Frozen,0.281525,11261,40000
QPSK,0,15,NLMS-DD,0.281525,11261,40000
QPSK,1,-5,No Processing,0.338475,13539,40000
QPSK,1,-5,LMS-Frozen,0.34645,13858,40000
QPSK,1,-5,LMS-DD,0.34645,13858,40000
QPSK,1,-5,NLMS-Frozen,0.34765,13906,40000
QPSK,1,-5,NLMS-DD,0.34765,13906,40000
QPSK,1,0,No Processing,0.2484,9936,40000
QPSK,1,0,LMS-Frozen,0.25705,10282,40000
QPSK,1,0,LMS-DD,0.25705,10282,40000
QPSK,1,0,NLMS-Frozen,0.258525,10341,40000
QPSK,1,0,NLMS-DD,0.258525,10341,40000
QPSK,1,5,No Processing,0.17105,6842,40000
QPSK,1,5,LMS-Frozen,0.17565,7026,40000
QPSK,1,5,LMS-DD,0.446875,17875,40000
QPSK,1,5,NLMS-Frozen,0.176375,7055,40000
QPSK,1,5,NLMS-DD,0.176375,7055,40000
QPSK,1,10,No Processing,0.12395,4958,40000
QPSK,1,10,LMS-Frozen,0.12725,5090,40000
QPSK,1,10,LMS-DD,0.08095,3238,40000
QPSK,1,10,NLMS-Frozen,0.128775,5151,40000
QPSK,1,10,NLMS-DD,0.2356,9424,40000
QPSK,1,15,No Processing,0.105025,4201,40000
QPSK,1,15,LMS-Frozen,0.112575,4503,40000
QPSK,1,15,LMS-DD,0.069625,2785,40000
QPSK,1,15,NLMS-Frozen,0.113925,4557,40000
QPSK,1,15,NLMS-DD,0.381625,15265,40000
QPSK,2,-5,No Processing,0.3073,12292,40000
QPSK,2,-5,LMS-Frozen,0.351375,14055,40000
QPSK,2,-5,LMS-DD,0.351375,14055,40000
QPSK,2,-5,NLMS-Frozen,0.351525,14061,40000
QPSK,2,-5,NLMS-DD,0.351525,14061,40000
QPSK,2,0,No Processing,0.20115,8046,40000
QPSK,2,0,LMS-Frozen,0.24855,9942,40000
QPSK,2,0,LMS-DD,0.24855,9942,40000
QPSK,2,0,NLMS-Frozen,0.25435,10174,40000
QPSK,2,0,NLMS-DD,0.25435,10174,40000
QPSK,2,5,No Processing,0.0959,3836,40000
QPSK,2,5,LMS-Frozen,0.16175,6470,40000
QPSK,2,5,LMS-DD,0.16175,6470,40000
QPSK,2,5,NLMS-Frozen,0.173475,6939,40000
QPSK,2,5,NLMS-DD,0.173475,6939,40000
QPSK,2,10,No Processing,0.039475,1579,40000
QPSK,2,10,LMS-Frozen,0.108325,4333,40000
QPSK,2,10,LMS-DD,0.008075,323,40000
QPSK,2,10,NLMS-Frozen,0.1223,4892,40000
QPSK,2,10,NLMS-DD,0.01075,430,40000
QPSK,2,15,No Processing,0.019475,779,40000
QPSK,2,15,LMS-Frozen,0.094525,3781,40000
QPSK,2,15,LMS-DD,0.00085,34,40000
QPSK,2,15,NLMS-Frozen,0.113475,4539,40000
QPSK,2,15,NLMS-DD,0.000675,27,40000
QPSK,3,-5,No Processing,0.337025,13481,40000
QPSK,3,-5,LMS-Frozen,0.353225,14129,40000
QPSK,3,-5,LMS-DD,0.353225,14129,40000
QPSK,3,-5,NLMS-Frozen,0.355475,14219,40000
QPSK,3,-5,NLMS-DD,0.355475,14219,40000
QPSK,3,0,No Processing,0.259775,10391,40000
QPSK,3,0,LMS-Frozen,0.2485,9940,40000
QPSK,3,0,LMS-DD,0.2485,9940,40000
QPSK,3,0,NLMS-Frozen,0.2528,10112,40000
QPSK,3,0,NLMS-DD,0.2528,10112,40000
QPSK,3,5,No Processing,0.18535,7414,40000
QPSK,3,5,LMS-Frozen,0.160075,6403,40000
QPSK,3,5,LMS-DD,0.160075,6403,40000
QPSK,3,5,NLMS-Frozen,0.17045,6818,40000
QPSK,3,5,NLMS-DD,0.17045,6818,40000
QPSK,3,10,No Processing,0.139025,5561,40000
QPSK,3,10,LMS-Frozen,0.09975,3990,40000
QPSK,3,10,LMS-DD,0.09975,3990,40000
QPSK,3,10,NLMS-Frozen,0.124875,4995,40000
QPSK,3,10,NLMS-DD,0.124875,4995,40000
QPSK,3,15,No Processing,0.124275,4971,40000
QPSK,3,15,LMS-Frozen,0.074625,2985,40000
QPSK,3,15,LMS-DD,0.001,40,40000
QPSK,3,15,NLMS-Frozen,0.09655,3862,40000
QPSK,3,15,NLMS-DD,0.00095,38,40000
QPSK,4,-5,No Processing,0.349,13960,40000
QPSK,4,-5,LMS-Frozen,0.401175,16047,40000
QPSK,4,-5,LMS-DD,0.401175,16047,40000
QPSK,4,-5,NLMS-Frozen,0.401175,16047,40000
QPSK,4,-5,NLMS-DD,0.401175,16047,40000
QPSK,4,0,No Processing,0.27235,10894,40000
QPSK,4,0,LMS-Frozen,0.3673,14692,40000
QPSK,4,0,LMS-DD,0.3673,14692,40000
QPSK,4,0,NLMS-Frozen,0.368575,14743,40000
QPSK,4,0,NLMS-DD,0.368575,14743,40000
QPSK,4,5,No Processing,0.20075,8030,40000
QPSK,4,5,LMS-Frozen,0.3191,12764,40000
QPSK,4,5,LMS-DD,0.3191,12764,40000
QPSK,4,5,NLMS-Frozen,0.3257,13028,40000
QPSK,4,5,NLMS-DD,0.3257,13028,40000
QPSK,4,10,No Processing,0.17315,6926,40000
QPSK,4,10,LMS-Frozen,0.309875,12395,40000
QPSK,4,10,LMS-DD,0.187275,7491,40000
QPSK,4,10,NLMS-Frozen,0.32115,12846,40000
QPSK,4,10,NLMS-DD,0.3661,14644,40000
QPSK,4,15,No Processing,0.162475,6499,40000
QPSK,4,15,LMS-Frozen,0.310075,12403,40000
QPSK,4,15,LMS-DD,0.169975,6799,40000
QPSK,4,15,NLMS-Frozen,0.32655,13062,40000
QPSK,4,15,NLMS-DD,0.170125,6805,40000
