modulation,snr_db_in,trial,symbol_index,phase_mod_stride,in_mse,in_hinge,in_both,also_wrong_in_noproc,noise_mag_at_error,typical_noise_mag
BPSK,10,0,24961,1,True,True,True,False,0.3997816295675817,0.2622262482776708
BPSK,10,0,24962,2,True,True,True,False,0.23295086936402215,0.2622262482776708
BPSK,10,0,24964,4,True,True,True,False,0.24156262128688333,0.2622262482776708
BPSK,10,0,24971,11,True,True,True,False,0.2280656775721761,0.2622262482776708
BPSK,10,0,24972,12,True,True,True,False,0.4049510941184491,0.2622262482776708
BPSK,10,0,24974,14,True,True,True,False,0.18479344842014192,0.2622262482776708
BPSK,10,0,24976,16,True,True,True,False,0.37798963759581616,0.2622262482776708
BPSK,10,0,24979,19,True,True,True,False,0.1757140510541447,0.2622262482776708
BPSK,10,0,24981,21,True,True,True,False,0.18455693122415387,0.2622262482776708
BPSK,10,0,24983,23,True,True,True,False,0.4541485569652321,0.2622262482776708
BPSK,10,0,24984,24,True,True,True,False,0.042861513018419756,0.2622262482776708
BPSK,10,0,24985,25,True,True,True,False,0.41281422704241233,0.2622262482776708
BPSK,10,0,24986,26,True,True,True,False,0.23976780554777774,0.2622262482776708
BPSK,10,0,24987,27,True,True,True,False,0.4034034768987368,0.2622262482776708
BPSK,10,0,24990,30,True,True,True,False,0.6074518995833315,0.2622262482776708
BPSK,10,0,24991,31,True,True,True,False,0.19619438923921254,0.2622262482776708
BPSK,10,0,24992,32,True,True,True,False,0.6069192212756487,0.2622262482776708
BPSK,10,0,24993,33,True,True,True,False,0.1536000283829763,0.2622262482776708
BPSK,10,0,24995,35,True,True,True,False,0.0723964630583911,0.2622262482776708
BPSK,10,0,24996,36,True,True,True,False,0.2037588488352274,0.2622262482776708
BPSK,10,0,24998,38,True,True,True,False,0.3699573964862694,0.2622262482776708
BPSK,15,0,24961,1,True,True,True,False,0.11668956334945381,0.14862642300262935
BPSK,15,0,24962,2,True,True,True,False,0.09224689090125032,0.14862642300262935
BPSK,15,0,24964,4,True,True,True,False,0.028980687733218907,0.14862642300262935
BPSK,15,0,24971,11,True,True,True,False,0.08849427834969482,0.14862642300262935
BPSK,15,0,24972,12,True,True,True,False,0.13580066674600652,0.14862642300262935
BPSK,15,0,24974,14,True,True,True,False,0.10773853197307937,0.14862642300262935
BPSK,15,0,24976,16,True,True,True,False,0.22187919412552848,0.14862642300262935
BPSK,15,0,24979,19,True,True,True,False,0.11250782313645603,0.14862642300262935
BPSK,15,0,24981,21,True,True,True,False,0.15770461396025956,0.14862642300262935
BPSK,15,0,24983,23,True,True,True,False,0.18701186006471965,0.14862642300262935
BPSK,15,0,24984,24,True,True,True,False,0.0269816327707616,0.14862642300262935
BPSK,15,0,24985,25,True,True,True,False,0.22952810534479287,0.14862642300262935
BPSK,15,0,24986,26,True,True,True,False,0.17428929993360553,0.14862642300262935
BPSK,15,0,24987,27,True,True,True,False,0.25031470568510505,0.14862642300262935
BPSK,15,0,24990,30,True,True,True,False,0.21947801785963697,0.14862642300262935
BPSK,15,0,24991,31,True,True,True,False,0.06095202912518712,0.14862642300262935
BPSK,15,0,24992,32,True,True,True,False,0.12037049382101937,0.14862642300262935
BPSK,15,0,24993,33,True,True,True,False,0.11282374153172463,0.14862642300262935
BPSK,15,0,24995,35,True,True,True,False,0.04271154240494801,0.14862642300262935
BPSK,15,0,24996,36,True,True,True,False,0.1481391639227828,0.14862642300262935
BPSK,15,0,24998,38,True,True,True,False,0.03343564258094631,0.14862642300262935
BPSK,20,0,24961,1,True,True,True,False,0.07556535965921726,0.08305372523176333
BPSK,20,0,24962,2,True,True,True,False,0.017067557983794394,0.08305372523176333
BPSK,20,0,24964,4,True,True,True,False,0.027942191622871204,0.08305372523176333
BPSK,20,0,24971,11,True,True,True,False,0.05233244478081692,0.08305372523176333
BPSK,20,0,24972,12,True,True,True,False,0.1094392892325111,0.08305372523176333
BPSK,20,0,24974,14,True,True,True,False,0.053635895573040486,0.08305372523176333
BPSK,20,0,24976,16,True,True,True,False,0.03945447798188737,0.08305372523176333
BPSK,20,0,24979,19,True,True,True,False,0.1726352404026247,0.08305372523176333
BPSK,20,0,24981,21,True,True,True,False,0.037613465258631414,0.08305372523176333
BPSK,20,0,24983,23,True,True,True,False,0.09453733470052508,0.08305372523176333
BPSK,20,0,24984,24,True,True,True,False,0.13724986889026833,0.08305372523176333
BPSK,20,0,24985,25,True,True,True,False,0.19289020468402596,0.08305372523176333
BPSK,20,0,24986,26,True,True,True,False,0.14602131848895497,0.08305372523176333
BPSK,20,0,24987,27,True,True,True,False,0.015115782095458443,0.08305372523176333
BPSK,20,0,24990,30,True,True,True,False,0.15312175998133956,0.08305372523176333
BPSK,20,0,24991,31,True,True,True,False,0.062275338020868105,0.08305372523176333
BPSK,20,0,24992,32,True,True,True,False,0.07199159639888182,0.08305372523176333
BPSK,20,0,24993,33,True,True,True,False,0.046321788586662235,0.08305372523176333
BPSK,20,0,24995,35,True,True,True,False,0.043169563739039234,0.08305372523176333
BPSK,20,0,24996,36,True,True,True,False,0.0506779350020744,0.08305372523176333
BPSK,20,0,24998,38,True,True,True,False,0.02307234183813419,0.08305372523176333
BPSK,10,1,24961,1,True,True,True,False,0.07138620120567118,0.26463451915659364
BPSK,10,1,24963,3,True,True,True,False,0.17527328462582784,0.26463451915659364
BPSK,10,1,24964,4,True,True,True,False,0.41241469217884047,0.26463451915659364
BPSK,10,1,24965,5,True,True,True,False,0.11515007144067335,0.26463451915659364
BPSK,10,1,24967,7,True,True,True,False,0.20264110413955724,0.26463451915659364
BPSK,10,1,24968,8,True,True,True,False,0.4777463271566449,0.26463451915659364
BPSK,10,1,24969,9,True,True,True,False,0.21954369183314706,0.26463451915659364
BPSK,10,1,24970,10,True,True,True,False,0.17965459694254526,0.26463451915659364
BPSK,10,1,24971,11,True,True,True,False,0.37148920237911115,0.26463451915659364
BPSK,10,1,24973,13,True,True,True,False,0.14855970786196454,0.26463451915659364
BPSK,10,1,24974,14,True,True,True,False,0.13778338593230166,0.26463451915659364
BPSK,10,1,24975,15,True,True,True,False,0.1703984610448073,0.26463451915659364
BPSK,10,1,24981,21,True,True,True,False,0.12270924011624668,0.26463451915659364
BPSK,10,1,24987,27,True,True,True,False,0.13616281202937758,0.26463451915659364
BPSK,10,1,24992,32,True,True,True,False,0.21677966724160055,0.26463451915659364
BPSK,10,1,24993,33,True,True,True,False,0.059614431654814504,0.26463451915659364
BPSK,10,1,24995,35,True,True,True,False,0.3367729856829815,0.26463451915659364
BPSK,10,1,24996,36,True,True,True,False,0.469656892858094,0.26463451915659364
BPSK,10,1,24997,37,True,True,True,False,0.12621311193298285,0.26463451915659364
BPSK,10,1,18512,16,False,True,False,False,1.0016219368665624,0.26463451915659364
BPSK,15,1,24961,1,True,True,True,False,0.15521192227475253,0.1468283309456729
BPSK,15,1,24963,3,True,True,True,False,0.09131456750434143,0.1468283309456729
BPSK,15,1,24964,4,True,True,True,False,0.16449136921692242,0.1468283309456729
BPSK,15,1,24965,5,True,True,True,False,0.19250591495796446,0.1468283309456729
BPSK,15,1,24967,7,True,True,True,False,0.22959702703739007,0.1468283309456729
BPSK,15,1,24968,8,True,True,True,False,0.20295591244021163,0.1468283309456729
BPSK,15,1,24969,9,True,True,True,False,0.0878527010741307,0.1468283309456729
BPSK,15,1,24970,10,True,True,True,False,0.0461037519731425,0.1468283309456729
BPSK,15,1,24971,11,True,True,True,False,0.15108934541823021,0.1468283309456729
BPSK,15,1,24973,13,True,True,True,False,0.140755990572076,0.1468283309456729
BPSK,15,1,24974,14,True,True,True,False,0.09223535640578215,0.1468283309456729
BPSK,15,1,24975,15,True,True,True,False,0.045559222210568046,0.1468283309456729
BPSK,15,1,24981,21,True,True,True,False,0.2622755828318982,0.1468283309456729
BPSK,15,1,24987,27,True,True,True,False,0.2065049129207666,0.1468283309456729
BPSK,15,1,24992,32,True,True,True,False,0.13072955587430082,0.1468283309456729
BPSK,15,1,24993,33,True,True,True,False,0.3119034951514896,0.1468283309456729
BPSK,15,1,24995,35,True,True,True,False,0.07900133516003259,0.1468283309456729
BPSK,15,1,24996,36,True,True,True,False,0.12339857408209748,0.1468283309456729
BPSK,15,1,24997,37,True,True,True,False,0.2841643062565293,0.1468283309456729
BPSK,20,1,24961,1,True,True,True,False,0.14938473211329606,0.08383566858654071
BPSK,20,1,24963,3,True,True,True,False,0.1184230607803115,0.08383566858654071
BPSK,20,1,24964,4,True,True,True,False,0.13655194223719133,0.08383566858654071
BPSK,20,1,24965,5,True,True,True,False,0.16064588879675654,0.08383566858654071
BPSK,20,1,24967,7,True,True,True,False,0.09872288905917759,0.08383566858654071
BPSK,20,1,24968,8,True,True,True,False,0.02667580211196285,0.08383566858654071
BPSK,20,1,24969,9,True,True,True,False,0.12176115775128478,0.08383566858654071
BPSK,20,1,24970,10,True,True,True,False,0.16691929179773693,0.08383566858654071
BPSK,20,1,24971,11,True,True,True,False,0.1309359477173467,0.08383566858654071
BPSK,20,1,24973,13,True,True,True,False,0.056890635532098804,0.08383566858654071
BPSK,20,1,24974,14,True,True,True,False,0.11704641498885993,0.08383566858654071
BPSK,20,1,24975,15,True,True,True,False,0.08034628205632541,0.08383566858654071
BPSK,20,1,24981,21,True,True,True,False,0.031482601543423264,0.08383566858654071
BPSK,20,1,24987,27,True,True,True,False,0.05453705538032955,0.08383566858654071
BPSK,20,1,24992,32,True,True,True,False,0.06405162239613725,0.08383566858654071
BPSK,20,1,24993,33,True,True,True,False,0.1571660774926096,0.08383566858654071
BPSK,20,1,24995,35,True,True,True,False,0.07100021475331249,0.08383566858654071
BPSK,20,1,24996,36,True,True,True,False,0.0412255080492313,0.08383566858654071
BPSK,20,1,24997,37,True,True,True,False,0.19348528193276074,0.08383566858654071
BPSK,10,2,24963,3,True,True,True,False,0.24617395645736592,0.2628843668944395
BPSK,10,2,24966,6,True,True,True,False,0.16807434730067253,0.2628843668944395
BPSK,10,2,24967,7,True,True,True,False,0.14894649760855677,0.2628843668944395
BPSK,10,2,24971,11,True,True,True,False,0.38084286246112464,0.2628843668944395
BPSK,10,2,24974,14,True,True,True,False,0.24373460907142538,0.2628843668944395
BPSK,10,2,24977,17,True,True,True,False,0.038298416393345296,0.2628843668944395
BPSK,10,2,24978,18,True,True,True,False,0.2562400556603099,0.2628843668944395
BPSK,10,2,24979,19,True,True,True,False,0.25968432437672223,0.2628843668944395
BPSK,10,2,24980,20,True,True,True,False,0.1978886428795895,0.2628843668944395
BPSK,10,2,24981,21,True,True,True,False,0.25943320829617283,0.2628843668944395
BPSK,10,2,24982,22,True,True,True,False,0.3126689635678617,0.2628843668944395
BPSK,10,2,24983,23,True,True,True,False,0.3181597505141283,0.2628843668944395
BPSK,10,2,24984,24,True,True,True,False,0.2425293846717349,0.2628843668944395
BPSK,10,2,24987,27,True,True,True,False,0.2742311661400284,0.2628843668944395
BPSK,10,2,24991,31,True,True,True,False,0.5223615048234214,0.2628843668944395
BPSK,10,2,24992,32,True,True,True,False,0.15773108641902345,0.2628843668944395
BPSK,10,2,24993,33,True,True,True,False,0.22634736479615408,0.2628843668944395
BPSK,10,2,24994,34,True,True,True,False,0.3478729004970004,0.2628843668944395
BPSK,10,2,24996,36,True,True,True,False,0.4782335580674938,0.2628843668944395
BPSK,10,2,24998,38,True,True,True,False,0.2053557085366021,0.2628843668944395
BPSK,10,2,24999,39,True,True,True,False,0.3449661691884317,0.2628843668944395
BPSK,15,2,24963,3,True,True,True,False,0.2070356885066471,0.14613443272486326
BPSK,15,2,24966,6,True,True,True,False,0.15241186007508373,0.14613443272486326
BPSK,15,2,24967,7,True,True,True,False,0.11892147822801698,0.14613443272486326
BPSK,15,2,24971,11,True,True,True,False,0.07303299820354796,0.14613443272486326
BPSK,15,2,24974,14,True,True,True,False,0.12084312688354912,0.14613443272486326
BPSK,15,2,24977,17,True,True,True,False,0.07324893827624855,0.14613443272486326
BPSK,15,2,24978,18,True,True,True,False,0.29787718756376097,0.14613443272486326
BPSK,15,2,24979,19,True,True,True,False,0.017326638029359236,0.14613443272486326
BPSK,15,2,24980,20,True,True,True,False,0.06291144066148988,0.14613443272486326
BPSK,15,2,24981,21,True,True,True,False,0.1564787842596263,0.14613443272486326
BPSK,15,2,24982,22,True,True,True,False,0.1229098295501351,0.14613443272486326
BPSK,15,2,24983,23,True,True,True,False,0.045356959070481456,0.14613443272486326
BPSK,15,2,24984,24,True,True,True,False,0.15781128027055935,0.14613443272486326
BPSK,15,2,24987,27,True,True,True,False,0.36083363370457827,0.14613443272486326
BPSK,15,2,24991,31,True,True,True,False,0.08156814316814717,0.14613443272486326
BPSK,15,2,24992,32,True,True,True,False,0.14000400705260968,0.14613443272486326
BPSK,15,2,24993,33,True,True,True,False,0.1753344038639804,0.14613443272486326
BPSK,15,2,24994,34,True,True,True,False,0.04441111498957081,0.14613443272486326
BPSK,15,2,24996,36,True,True,True,False,0.15349464547555508,0.14613443272486326
BPSK,15,2,24998,38,True,True,True,False,0.28430074719612936,0.14613443272486326
BPSK,15,2,24999,39,True,True,True,False,0.10813562228763264,0.14613443272486326
BPSK,20,2,24963,3,True,True,True,False,0.15924362548407153,0.08343371831196075
BPSK,20,2,24966,6,True,True,True,False,0.15541717642966008,0.08343371831196075
BPSK,20,2,24967,7,True,True,True,False,0.14118948858726085,0.08343371831196075
BPSK,20,2,24971,11,True,True,True,False,0.041240588081244,0.08343371831196075
BPSK,20,2,24974,14,True,True,True,False,0.030996775252140923,0.08343371831196075
BPSK,20,2,24977,17,True,True,True,False,0.13378091850008372,0.08343371831196075
BPSK,20,2,24978,18,True,True,True,False,0.11568405811417892,0.08343371831196075
BPSK,20,2,24979,19,True,True,True,False,0.10236577700704004,0.08343371831196075
BPSK,20,2,24980,20,True,True,True,False,0.08282041383965795,0.08343371831196075
BPSK,20,2,24981,21,True,True,True,False,0.06243645282249835,0.08343371831196075
BPSK,20,2,24982,22,True,True,True,False,0.10673793599543488,0.08343371831196075
BPSK,20,2,24983,23,True,True,True,False,0.1835115626413375,0.08343371831196075
BPSK,20,2,24984,24,True,True,True,False,0.1070305374238157,0.08343371831196075
BPSK,20,2,24987,27,True,True,True,False,0.10909969680153837,0.08343371831196075
BPSK,20,2,24991,31,True,True,True,False,0.16273102499562106,0.08343371831196075
BPSK,20,2,24992,32,True,True,True,False,0.056996978360934716,0.08343371831196075
BPSK,20,2,24993,33,True,True,True,False,0.08124157487439673,0.08343371831196075
BPSK,20,2,24994,34,True,True,True,False,0.08835619373997564,0.08343371831196075
BPSK,20,2,24996,36,True,True,True,False,0.09073569616894438,0.08343371831196075
BPSK,20,2,24998,38,True,True,True,False,0.1632287557757044,0.08343371831196075
BPSK,20,2,24999,39,True,True,True,False,0.10646464701442741,0.08343371831196075
BPSK,10,3,24961,1,True,True,True,False,0.30521138980716284,0.2642252534279713
BPSK,10,3,24962,2,True,True,True,False,0.1254183139821764,0.2642252534279713
BPSK,10,3,24964,4,True,True,True,False,0.43115026262594164,0.2642252534279713
BPSK,10,3,24965,5,True,True,True,False,0.6620206448121717,0.2642252534279713
BPSK,10,3,24967,7,True,True,True,False,0.28084021082445104,0.2642252534279713
BPSK,10,3,24969,9,True,True,True,False,0.37646570184298767,0.2642252534279713
BPSK,10,3,24970,10,True,True,True,False,0.21302375485431616,0.2642252534279713
BPSK,10,3,24975,15,True,True,True,False,0.21973836665314328,0.2642252534279713
BPSK,10,3,24976,16,True,True,True,False,0.07061681190392234,0.2642252534279713
BPSK,10,3,24978,18,True,True,True,False,0.29107581290506096,0.2642252534279713
BPSK,10,3,24981,21,True,True,True,False,0.2568723074320131,0.2642252534279713
BPSK,10,3,24983,23,True,True,True,False,0.14286615984494558,0.2642252534279713
BPSK,10,3,24984,24,True,True,True,False,0.0657789261518393,0.2642252534279713
BPSK,10,3,24985,25,True,True,True,False,0.30183880473806685,0.2642252534279713
BPSK,10,3,24986,26,True,True,True,False,0.140780779296877,0.2642252534279713
BPSK,10,3,24988,28,True,True,True,False,0.2416788612533878,0.2642252534279713
BPSK,10,3,24989,29,True,True,True,False,0.4307319670071203,0.2642252534279713
BPSK,10,3,24990,30,True,True,True,False,0.3305381383671142,0.2642252534279713
BPSK,10,3,24992,32,True,True,True,False,0.605024375478793,0.2642252534279713
BPSK,10,3,24993,33,True,True,True,False,0.444393419338109,0.2642252534279713
BPSK,10,3,24995,35,True,True,True,False,0.45806512066556176,0.2642252534279713
BPSK,10,3,24996,36,True,True,True,False,0.10581308884992476,0.2642252534279713
BPSK,15,3,24961,1,True,True,True,False,0.129808601568178,0.14789333657471126
BPSK,15,3,24962,2,True,True,True,False,0.05000923444457924,0.14789333657471126
BPSK,15,3,24964,4,True,True,True,False,0.1610653365672295,0.14789333657471126
BPSK,15,3,24965,5,True,True,True,False,0.12779645730494055,0.14789333657471126
BPSK,15,3,24967,7,True,True,True,False,0.03591461412710892,0.14789333657471126
BPSK,15,3,24969,9,True,True,True,False,0.050471769082043094,0.14789333657471126
BPSK,15,3,24970,10,True,True,True,False,0.07579886170673802,0.14789333657471126
BPSK,15,3,24975,15,True,True,True,False,0.14983999052523253,0.14789333657471126
BPSK,15,3,24976,16,True,True,True,False,0.04983969340642466,0.14789333657471126
BPSK,15,3,24978,18,True,True,True,False,0.13336887579249743,0.14789333657471126
BPSK,15,3,24981,21,True,True,True,False,0.16588679311686216,0.14789333657471126
BPSK,15,3,24983,23,True,True,True,False,0.16747668178572778,0.14789333657471126
BPSK,15,3,24984,24,True,True,True,False,0.022575791636297648,0.14789333657471126
BPSK,15,3,24985,25,True,True,True,False,0.11833623059261164,0.14789333657471126
BPSK,15,3,24986,26,True,True,True,False,0.25810079004941466,0.14789333657471126
BPSK,15,3,24988,28,True,True,True,False,0.14220795678076356,0.14789333657471126
BPSK,15,3,24989,29,True,True,True,False,0.12552581017997863,0.14789333657471126
BPSK,15,3,24990,30,True,True,True,False,0.21548622608659412,0.14789333657471126
BPSK,15,3,24992,32,True,True,True,False,0.19993841635604773,0.14789333657471126
BPSK,15,3,24993,33,True,True,True,False,0.07334378386367632,0.14789333657471126
BPSK,15,3,24995,35,True,True,True,False,0.42622148922555464,0.14789333657471126
BPSK,15,3,24996,36,True,True,True,False,0.1648363189296708,0.14789333657471126
BPSK,20,3,24961,1,True,True,True,False,0.006634022310437551,0.08328629334256687
BPSK,20,3,24962,2,True,True,True,False,0.12455308719093035,0.08328629334256687
BPSK,20,3,24964,4,True,True,True,False,0.14968561680879613,0.08328629334256687
BPSK,20,3,24965,5,True,True,True,False,0.06409481002598472,0.08328629334256687
BPSK,20,3,24967,7,True,True,True,False,0.034427801806032124,0.08328629334256687
BPSK,20,3,24969,9,True,True,True,False,0.034244956030606954,0.08328629334256687
BPSK,20,3,24970,10,True,True,True,False,0.08892387518917075,0.08328629334256687
BPSK,20,3,24975,15,True,True,True,False,0.1642665288225011,0.08328629334256687
BPSK,20,3,24976,16,True,True,True,False,0.030632468770721663,0.08328629334256687
BPSK,20,3,24978,18,True,True,True,False,0.201193818658345,0.08328629334256687
BPSK,20,3,24981,21,True,True,True,False,0.04997669321078006,0.08328629334256687
BPSK,20,3,24983,23,True,True,True,False,0.11587905402211078,0.08328629334256687
BPSK,20,3,24984,24,True,True,True,False,0.019776017562894897,0.08328629334256687
BPSK,20,3,24985,25,True,True,True,False,0.0588417204800644,0.08328629334256687
BPSK,20,3,24986,26,True,True,True,False,0.03208391907619264,0.08328629334256687
BPSK,20,3,24988,28,True,True,True,False,0.07561997607605304,0.08328629334256687
BPSK,20,3,24989,29,True,True,True,False,0.0789179051201074,0.08328629334256687
BPSK,20,3,24990,30,True,True,True,False,0.056936054751715905,0.08328629334256687
BPSK,20,3,24992,32,True,True,True,False,0.09479458795927824,0.08328629334256687
BPSK,20,3,24993,33,True,True,True,False,0.11650595786200311,0.08328629334256687
BPSK,20,3,24995,35,True,True,True,False,0.08369316558750582,0.08328629334256687
BPSK,20,3,24996,36,True,True,True,False,0.1326803709348513,0.08328629334256687
QPSK,10,0,10243,3,True,False,False,False,0.6954121200704909,0.2622262482776708
QPSK,10,0,3087,15,True,True,True,False,0.7173117578022017,0.2622262482776708
QPSK,10,0,9232,16,True,True,True,False,0.6984047664483707,0.2622262482776708
QPSK,10,0,6674,18,False,True,False,False,0.720120252994535,0.2622262482776708
QPSK,10,0,21012,20,False,True,False,False,0.6244802165155803,0.2622262482776708
QPSK,10,0,13846,22,True,True,True,True,0.7951093564128958,0.2622262482776708
QPSK,10,0,19489,33,True,True,True,True,0.7775278464561388,0.2622262482776708
QPSK,10,0,1060,36,True,True,True,True,0.888256372960861,0.2622262482776708
QPSK,10,0,9252,36,False,True,False,False,0.6926367515385367,0.2622262482776708
QPSK,10,0,17978,58,True,True,True,True,0.8382764358161002,0.2622262482776708
QPSK,10,0,12350,62,True,True,True,True,0.8881263884361699,0.2622262482776708
QPSK,10,0,2111,63,False,True,False,False,0.6956216671551454,0.2622262482776708
QPSK,10,0,10817,1,True,True,True,True,0.8139505334851711,0.2622262482776708
QPSK,10,0,3657,9,True,True,True,True,0.9060214040016621,0.2622262482776708
QPSK,10,0,7770,26,True,False,False,True,0.784876581431496,0.2622262482776708
QPSK,10,0,8795,27,True,True,True,True,0.8614818536442159,0.2622262482776708
QPSK,10,0,8801,33,True,True,True,True,0.834397476527273,0.2622262482776708
QPSK,10,0,12899,35,True,True,True,True,0.8552597257346158,0.2622262482776708
QPSK,10,0,4197,37,True,True,True,True,0.8754215507113141,0.2622262482776708
QPSK,10,0,24679,39,True,True,True,True,0.7413243301781431,0.2622262482776708
QPSK,10,0,13423,47,True,True,True,True,0.7776353918610595,0.2622262482776708
QPSK,10,0,20081,49,True,True,True,True,0.8416803937017971,0.2622262482776708
QPSK,10,0,9334,54,False,True,False,False,0.7204288933028903,0.2622262482776708
QPSK,10,0,5751,55,False,True,False,False,0.5785010165217601,0.2622262482776708
QPSK,10,0,639,63,True,True,True,True,0.9505957339261973,0.2622262482776708
QPSK,10,0,1159,7,True,True,True,True,0.9224544315394114,0.2622262482776708
QPSK,10,0,1671,7,True,True,True,True,0.7685972078242029,0.2622262482776708
QPSK,10,0,5522,18,False,True,False,False,0.6847069634368881,0.2622262482776708
QPSK,10,0,18574,14,True,False,False,False,0.6474976703791596,0.2622262482776708
QPSK,10,0,24726,22,False,True,False,False,0.9245459328731344,0.2622262482776708
QPSK,10,0,4762,26,False,True,False,False,0.698994650809064,0.2622262482776708
QPSK,10,0,5295,47,True,True,True,True,0.8932666429711089,0.2622262482776708
QPSK,10,0,708,4,True,True,True,True,0.9135433299624115,0.2622262482776708
QPSK,10,0,3782,6,False,True,False,False,0.6684100042853193,0.2622262482776708
QPSK,10,0,17606,6,False,True,False,False,0.7226333534345444,0.2622262482776708
QPSK,10,0,22732,12,False,True,False,False,0.6623728166634101,0.2622262482776708
QPSK,10,0,20177,17,False,True,False,False,0.6820515057456208,0.2622262482776708
QPSK,10,0,4310,22,False,True,False,True,0.7552509378492903,0.2622262482776708
QPSK,10,0,7386,26,False,True,False,False,0.6604624090949833,0.2622262482776708
QPSK,10,0,12514,34,True,True,True,False,0.7401321259536309,0.2622262482776708
QPSK,10,0,3813,37,True,False,False,True,0.7997572113201498,0.2622262482776708
QPSK,10,0,8450,2,True,False,False,False,0.7552620774893484,0.2622262482776708
QPSK,10,0,23298,2,True,False,False,False,0.6467643323262968,0.2622262482776708
QPSK,10,0,18183,7,True,True,True,True,0.8539835849653019,0.2622262482776708
QPSK,10,0,15138,34,False,True,False,False,0.6543877650821202,0.2622262482776708
QPSK,10,0,21800,40,True,True,True,False,0.7331030569642368,0.2622262482776708
QPSK,10,0,3373,45,True,True,True,True,0.785572002662107,0.2622262482776708
QPSK,10,0,21293,45,True,True,True,True,0.7435576168546015,0.2622262482776708
QPSK,10,0,23854,46,True,False,False,False,0.6742735872798273,0.2622262482776708
QPSK,10,0,14645,53,True,False,False,True,0.7874592215510694,0.2622262482776708
QPSK,10,0,20281,57,True,True,True,True,0.8314861418467656,0.2622262482776708
QPSK,10,0,9540,4,True,True,True,True,0.7851051800725496,0.2622262482776708
QPSK,10,0,11596,12,True,True,True,True,0.9425424060715148,0.2622262482776708
QPSK,10,0,15707,27,True,True,True,False,0.6597355921507682,0.2622262482776708
QPSK,10,0,9054,30,False,True,False,True,0.7717990453528429,0.2622262482776708
QPSK,10,0,12128,32,False,True,False,False,0.6112099610282349,0.2622262482776708
QPSK,10,0,14699,43,True,False,False,True,0.7793035663348765,0.2622262482776708
QPSK,10,0,23413,53,False,True,False,True,0.7953280595241692,0.2622262482776708
QPSK,10,0,7032,56,True,True,True,False,0.6554304801636045,0.2622262482776708
QPSK,10,0,24961,1,True,True,True,False,0.39978162956758173,0.2622262482776708
QPSK,10,0,24962,2,True,True,True,False,0.23295086936402218,0.2622262482776708
QPSK,10,0,24963,3,True,True,True,False,0.3075225228437064,0.2622262482776708
QPSK,10,0,1412,4,False,True,False,False,0.6825340554207431,0.2622262482776708
QPSK,10,0,24965,5,True,True,True,False,0.11307429188023034,0.2622262482776708
QPSK,10,0,24966,6,True,True,True,False,0.4329231273534482,0.2622262482776708
QPSK,10,0,24967,7,True,True,True,False,0.2490532666952687,0.2622262482776708
QPSK,10,0,24968,8,True,True,True,False,0.12476722204481061,0.2622262482776708
QPSK,10,0,24970,10,True,True,True,False,0.22355881932347,0.2622262482776708
QPSK,10,0,24972,12,True,True,True,False,0.40495109411844915,0.2622262482776708
QPSK,10,0,18317,13,True,True,True,True,0.9239171037549428,0.2622262482776708
QPSK,10,0,5006,14,True,True,True,True,0.7251598051797424,0.2622262482776708
QPSK,10,0,24974,14,True,True,True,False,0.18479344842014192,0.2622262482776708
QPSK,10,0,24975,15,True,True,True,False,0.055143602574521604,0.2622262482776708
QPSK,10,0,24976,16,True,True,True,False,0.37798963759581633,0.2622262482776708
QPSK,10,0,24977,17,True,True,True,False,0.5166079125955008,0.2622262482776708
QPSK,10,0,24978,18,True,True,True,False,0.020103740051963057,0.2622262482776708
QPSK,10,0,24979,19,True,True,True,False,0.17571405105414467,0.2622262482776708
QPSK,10,0,24980,20,True,True,True,False,0.4337126777210172,0.2622262482776708
QPSK,10,0,24981,21,True,True,True,False,0.18455693122415387,0.2622262482776708
QPSK,10,0,24982,22,True,True,True,False,0.048831364816678345,0.2622262482776708
QPSK,10,0,408,24,True,False,False,False,0.668409524084306,0.2622262482776708
QPSK,10,0,24983,23,True,True,True,False,0.4541485569652323,0.2622262482776708
QPSK,10,0,24984,24,True,True,True,False,0.04286151301841976,0.2622262482776708
QPSK,10,0,24985,25,True,True,True,False,0.41281422704241233,0.2622262482776708
QPSK,10,0,24989,29,True,True,True,False,0.1429095572406688,0.2622262482776708
QPSK,10,0,7583,31,True,True,True,True,0.8482979795069144,0.2622262482776708
QPSK,10,0,24991,31,True,True,True,False,0.19619438923921254,0.2622262482776708
QPSK,10,0,24992,32,True,True,True,False,0.6069192212756487,0.2622262482776708
QPSK,10,0,24993,33,True,True,True,False,0.15360002838297623,0.2622262482776708
QPSK,10,0,24994,34,True,True,True,False,0.21992858578896365,0.2622262482776708
QPSK,10,0,24995,35,True,True,True,False,0.07239646305839122,0.2622262482776708
QPSK,10,0,24997,37,True,True,True,False,0.20944024639358874,0.2622262482776708
QPSK,10,0,24998,38,True,True,True,False,0.3699573964862693,0.2622262482776708
QPSK,10,0,9637,37,False,True,False,False,0.6584054216873249,0.2622262482776708
QPSK,10,0,1965,45,True,True,True,True,0.7543973287367451,0.2622262482776708
QPSK,10,0,17328,48,True,True,True,True,0.8716665561833102,0.2622262482776708
QPSK,10,0,16310,54,False,True,False,True,0.756289297432724,0.2622262482776708
QPSK,10,0,2490,58,False,True,False,False,0.6742772841822705,0.2622262482776708
QPSK,10,0,7105,1,True,True,True,False,0.6912852328789052,0.2622262482776708
QPSK,10,0,21454,14,True,True,True,True,0.7338644898947971,0.2622262482776708
QPSK,10,0,7119,15,True,True,True,True,0.7702672622434993,0.2622262482776708
QPSK,10,0,19919,15,False,True,False,False,0.6046872432592307,0.2622262482776708
QPSK,10,0,18902,22,True,False,False,True,0.7388736921879048,0.2622262482776708
QPSK,10,0,9178,26,True,False,False,False,0.7044914619154955,0.2622262482776708
QPSK,10,0,5084,28,True,True,True,True,0.9654131074634794,0.2622262482776708
QPSK,10,0,6632,40,True,False,False,False,0.624435836742605,0.2622262482776708
QPSK,10,0,8685,45,True,True,True,False,0.7443537691953566,0.2622262482776708
QPSK,10,0,3566,46,True,True,True,True,0.7247051691294893,0.2622262482776708
QPSK,10,0,20462,46,True,True,True,True,0.7378708102008691,0.2622262482776708
QPSK,10,0,8181,53,False,True,False,False,0.6681187986771083,0.2622262482776708
QPSK,10,0,13819,59,True,False,False,False,0.7341558646551628,0.2622262482776708
QPSK,10,0,23039,63,True,False,False,True,0.7252354524645866,0.2622262482776708
QPSK,15,0,24961,1,True,True,True,False,0.11668956334945384,0.14862642300262935
QPSK,15,0,24962,2,True,True,True,False,0.09224689090125035,0.14862642300262935
QPSK,15,0,24963,3,True,True,True,False,0.10447847750662811,0.14862642300262935
QPSK,15,0,24965,5,True,True,True,False,0.0588312460052989,0.14862642300262935
QPSK,15,0,24966,6,True,True,True,False,0.1952585113532355,0.14862642300262935
QPSK,15,0,24967,7,True,True,True,False,0.09753987640157606,0.14862642300262935
QPSK,15,0,24968,8,True,True,True,False,0.2712172821643305,0.14862642300262935
QPSK,15,0,24970,10,True,True,True,False,0.17122270672007395,0.14862642300262935
QPSK,15,0,24972,12,True,True,True,False,0.1358006667460065,0.14862642300262935
QPSK,15,0,24974,14,True,True,True,False,0.10773853197307925,0.14862642300262935
QPSK,15,0,24975,15,True,True,True,False,0.19242272179271813,0.14862642300262935
QPSK,15,0,24976,16,True,True,True,False,0.22187919412552842,0.14862642300262935
QPSK,15,0,24977,17,True,True,True,False,0.044838388536472276,0.14862642300262935
QPSK,15,0,24978,18,True,True,True,False,0.23177645845812692,0.14862642300262935
QPSK,15,0,24979,19,True,True,True,False,0.11250782313645603,0.14862642300262935
QPSK,15,0,24980,20,True,True,True,False,0.2029621271554426,0.14862642300262935
QPSK,15,0,24981,21,True,True,True,False,0.15770461396025962,0.14862642300262935
QPSK,15,0,24982,22,True,True,True,False,0.06966895733513738,0.14862642300262935
QPSK,15,0,24983,23,True,True,True,False,0.18701186006471976,0.14862642300262935
QPSK,15,0,24984,24,True,True,True,False,0.026981632770761606,0.14862642300262935
QPSK,15,0,24985,25,True,True,True,False,0.22952810534479282,0.14862642300262935
QPSK,15,0,24989,29,True,True,True,False,0.13126922459434043,0.14862642300262935
QPSK,15,0,24991,31,True,True,True,False,0.06095202912518711,0.14862642300262935
QPSK,15,0,24992,32,True,True,True,False,0.12037049382101928,0.14862642300262935
QPSK,15,0,24993,33,True,True,True,False,0.11282374153172466,0.14862642300262935
QPSK,15,0,24994,34,True,True,True,False,0.01739861305472494,0.14862642300262935
QPSK,15,0,24995,35,True,True,True,False,0.04271154240494803,0.14862642300262935
QPSK,15,0,24997,37,True,True,True,False,0.1914941975213035,0.14862642300262935
QPSK,15,0,24998,38,True,True,True,False,0.03343564258094631,0.14862642300262935
QPSK,20,0,24961,1,True,True,True,False,0.07556535965921732,0.08305372523176331
QPSK,20,0,24962,2,True,True,True,False,0.017067557983794425,0.08305372523176331
QPSK,20,0,24963,3,True,True,True,False,0.08054672962439127,0.08305372523176331
QPSK,20,0,24965,5,True,True,True,False,0.08305786256642082,0.08305372523176331
QPSK,20,0,24966,6,True,True,True,False,0.07301846383212873,0.08305372523176331
QPSK,20,0,24967,7,True,True,True,False,0.04266755336389236,0.08305372523176331
QPSK,20,0,24968,8,True,True,True,False,0.09781876936198218,0.08305372523176331
QPSK,20,0,24970,10,True,True,True,False,0.10794738351176117,0.08305372523176331
QPSK,20,0,24972,12,True,True,True,False,0.10943928923251112,0.08305372523176331
QPSK,20,0,24974,14,True,True,True,False,0.053635895573040486,0.08305372523176331
QPSK,20,0,24975,15,True,True,True,False,0.0474611725745723,0.08305372523176331
QPSK,20,0,24976,16,True,True,True,False,0.039454477981887365,0.08305372523176331
QPSK,20,0,24977,17,True,True,True,False,0.09921279191886877,0.08305372523176331
QPSK,20,0,24978,18,True,True,True,False,0.09364087995535211,0.08305372523176331
QPSK,20,0,24979,19,True,True,True,False,0.1726352404026247,0.08305372523176331
QPSK,20,0,24980,20,True,True,True,False,0.10754294575852066,0.08305372523176331
QPSK,20,0,24981,21,True,True,True,False,0.037613465258631455,0.08305372523176331
QPSK,20,0,24982,22,True,True,True,False,0.07737000318082873,0.08305372523176331
QPSK,20,0,24983,23,True,True,True,False,0.09453733470052511,0.08305372523176331
QPSK,20,0,24984,24,True,True,True,False,0.13724986889026836,0.08305372523176331
QPSK,20,0,24985,25,True,True,True,False,0.19289020468402596,0.08305372523176331
QPSK,20,0,24989,29,True,True,True,False,0.1094402978506635,0.08305372523176331
QPSK,20,0,24991,31,True,True,True,False,0.06227533802086799,0.08305372523176331
QPSK,20,0,24992,32,True,True,True,False,0.07199159639888192,0.08305372523176331
QPSK,20,0,24993,33,True,True,True,False,0.046321788586662235,0.08305372523176331
QPSK,20,0,24994,34,True,True,True,False,0.010898540404770049,0.08305372523176331
QPSK,20,0,24995,35,True,True,True,False,0.0431695637390392,0.08305372523176331
QPSK,20,0,24997,37,True,True,True,False,0.06752568586009736,0.08305372523176331
QPSK,20,0,24998,38,True,True,True,False,0.023072341838134204,0.08305372523176331
QPSK,10,1,16642,2,False,True,False,False,0.6864364209266488,0.26463451915659364
QPSK,10,1,20233,9,False,True,False,False,0.6936647647549385,0.26463451915659364
QPSK,10,1,19722,10,True,False,False,False,0.716136335952306,0.26463451915659364
QPSK,10,1,17940,20,False,True,False,True,0.759310399727898,0.26463451915659364
QPSK,10,1,15894,22,False,True,False,False,0.703545657527037,0.26463451915659364
QPSK,10,1,10519,23,True,True,True,False,0.6561820916102159,0.26463451915659364
QPSK,10,1,16663,23,True,False,False,False,0.7098417686453634,0.26463451915659364
QPSK,10,1,793,25,True,False,False,False,0.6562514863794917,0.26463451915659364
QPSK,10,1,15387,27,False,True,False,False,0.6688109264715353,0.26463451915659364
QPSK,10,1,7454,30,True,True,True,True,0.809493209086375,0.26463451915659364
QPSK,10,1,8478,30,False,True,False,True,0.8299569204681627,0.26463451915659364
QPSK,10,1,12849,49,False,True,False,True,0.7311091661621519,0.26463451915659364
QPSK,10,1,9015,55,True,True,True,True,0.7744543467962813,0.26463451915659364
QPSK,10,1,6711,55,True,False,False,False,0.6748102929428162,0.26463451915659364
QPSK,10,1,2621,61,True,True,True,False,0.6523843055570488,0.26463451915659364
QPSK,10,1,14909,61,True,False,False,False,0.6870963374641488,0.26463451915659364
QPSK,10,1,12355,3,True,True,True,True,0.7454935392589868,0.26463451915659364
QPSK,10,1,11335,7,True,False,False,False,0.7356173871921103,0.26463451915659364
QPSK,10,1,24137,9,True,False,False,False,0.8402908675722056,0.26463451915659364
QPSK,10,1,15690,10,True,True,True,True,1.0924003666625886,0.26463451915659364
QPSK,10,1,11085,13,True,False,False,False,0.700665207161041,0.26463451915659364
QPSK,10,1,13901,13,True,True,True,True,0.8461043682502859,0.26463451915659364
QPSK,10,1,5511,7,False,True,False,False,0.5925614572961226,0.26463451915659364
QPSK,10,1,14672,16,False,True,False,False,0.6344134933061137,0.26463451915659364
QPSK,10,1,13960,8,False,True,False,False,0.7086977382609247,0.26463451915659364
QPSK,10,1,20838,38,True,False,False,False,0.6780001485180066,0.26463451915659364
QPSK,10,1,4465,49,False,True,False,True,0.8125358743699186,0.26463451915659364
QPSK,10,1,13426,50,True,True,True,True,0.8286612556833112,0.26463451915659364
QPSK,10,1,10620,60,True,True,True,True,0.8689122141965917,0.26463451915659364
QPSK,10,1,6783,63,False,True,False,True,0.7501808343113212,0.26463451915659364
QPSK,10,1,10624,0,True,True,True,True,0.8177869180410425,0.26463451915659364
QPSK,10,1,24960,0,True,True,True,False,0.15390863773826138,0.26463451915659364
QPSK,10,1,24961,1,True,True,True,False,0.07138620120567109,0.26463451915659364
QPSK,10,1,1411,3,True,False,False,False,0.6493587576568802,0.26463451915659364
QPSK,10,1,24962,2,True,True,True,False,0.22512037174038477,0.26463451915659364
QPSK,10,1,24963,3,True,True,True,False,0.17527328462582784,0.26463451915659364
QPSK,10,1,24964,4,True,True,True,False,0.41241469217884047,0.26463451915659364
QPSK,10,1,23943,7,True,True,True,True,0.7131177940516357,0.26463451915659364
QPSK,10,1,11144,8,True,False,False,False,0.7091987254773967,0.26463451915659364
QPSK,10,1,24965,5,True,True,True,False,0.1151500714406734,0.26463451915659364
QPSK,10,1,24967,7,True,True,True,False,0.20264110413955727,0.26463451915659364
QPSK,10,1,24968,8,True,True,True,False,0.4777463271566449,0.26463451915659364
QPSK,10,1,24972,12,True,True,True,False,0.3977864643565831,0.26463451915659364
QPSK,10,1,24973,13,True,True,True,False,0.1485597078619646,0.26463451915659364
QPSK,10,1,24974,14,True,True,True,False,0.13778338593230166,0.26463451915659364
QPSK,10,1,10639,15,True,True,True,True,0.8097988555022506,0.26463451915659364
QPSK,10,1,11151,15,True,False,False,False,0.7255076315707917,0.26463451915659364
QPSK,10,1,24975,15,True,True,True,False,0.1703984610448073,0.26463451915659364
QPSK,10,1,24977,17,True,True,True,False,0.44025882859558607,0.26463451915659364
QPSK,10,1,24978,18,True,True,True,False,0.3541414747702206,0.26463451915659364
QPSK,10,1,20372,20,True,False,False,False,0.7193593522373151,0.26463451915659364
QPSK,10,1,24979,19,True,True,True,False,0.17811884356401192,0.26463451915659364
QPSK,10,1,24980,20,True,True,True,False,0.13632718585522544,0.26463451915659364
QPSK,10,1,24981,21,True,True,True,False,0.12270924011624666,0.26463451915659364
QPSK,10,1,24982,22,True,True,True,False,0.23196814240144342,0.26463451915659364
QPSK,10,1,24984,24,True,True,True,False,0.3202846179402873,0.26463451915659364
QPSK,10,1,24987,27,True,True,True,False,0.13616281202937755,0.26463451915659364
QPSK,10,1,24988,28,True,True,True,False,0.22649174177186537,0.26463451915659364
QPSK,10,1,24989,29,True,True,True,False,0.354994000472392,0.26463451915659364
QPSK,10,1,17311,31,True,True,True,True,0.797793730578536,0.26463451915659364
QPSK,10,1,24992,32,True,True,True,False,0.21677966724160064,0.26463451915659364
QPSK,10,1,24995,35,True,True,True,False,0.33677298568298153,0.26463451915659364
QPSK,10,1,24996,36,True,True,True,False,0.4696568928580941,0.26463451915659364
QPSK,10,1,24997,37,True,True,True,False,0.12621311193298285,0.26463451915659364
QPSK,10,1,24998,38,True,True,True,False,0.3607847746477837,0.26463451915659364
QPSK,10,1,24999,39,True,True,True,False,0.341930500657975,0.26463451915659364
QPSK,10,1,4520,40,True,True,True,True,0.9583120054913257,0.26463451915659364
QPSK,10,1,2726,38,False,True,False,False,0.6373519256990452,0.26463451915659364
QPSK,10,1,4781,45,True,True,True,True,0.937468107116273,0.26463451915659364
QPSK,10,1,11450,58,True,True,True,True,1.0283501368035879,0.26463451915659364
QPSK,10,1,139,11,False,True,False,False,0.6247080367545297,0.26463451915659364
QPSK,10,1,6083,3,True,False,False,False,0.6464221075710197,0.26463451915659364
QPSK,10,1,13251,3,False,True,False,False,0.7364062019020303,0.26463451915659364
QPSK,10,1,6342,6,True,False,False,True,0.7245855730262284,0.26463451915659364
QPSK,10,1,11976,8,True,True,True,True,0.8231108467583745,0.26463451915659364
QPSK,10,1,11211,11,False,True,False,False,0.694680041217991,0.26463451915659364
QPSK,10,1,19660,12,False,True,False,False,0.734037472469875,0.26463451915659364
QPSK,10,1,18382,14,False,True,False,True,0.7845415703092792,0.26463451915659364
QPSK,10,1,24786,18,False,True,False,False,0.8234775514993717,0.26463451915659364
QPSK,10,1,6100,20,True,False,False,False,0.8519119900957958,0.26463451915659364
QPSK,10,1,20442,26,True,False,False,False,0.7409861252552223,0.26463451915659364
QPSK,10,1,19682,34,True,False,False,False,0.7057449124307579,0.26463451915659364
QPSK,10,1,24551,39,True,True,True,True,0.9645625334943149,0.26463451915659364
QPSK,10,1,744,40,True,False,False,True,0.9038879663749193,0.26463451915659364
QPSK,10,1,10729,41,True,False,False,False,0.6661574880890571,0.26463451915659364
QPSK,10,1,22506,42,False,True,False,False,0.7785161162996733,0.26463451915659364
QPSK,10,1,23275,43,True,True,True,False,0.7504385120437251,0.26463451915659364
QPSK,10,1,19949,45,True,True,True,True,0.8099245319444102,0.26463451915659364
QPSK,10,1,23277,45,False,True,False,False,0.6888072221296101,0.26463451915659364
QPSK,10,1,12281,57,True,False,False,True,0.8037859981863635,0.26463451915659364
QPSK,10,1,11774,62,False,True,False,False,0.6776619264521473,0.26463451915659364
QPSK,10,1,15103,63,False,True,False,False,0.6744091997158677,0.26463451915659364
QPSK,15,1,24960,0,True,True,True,False,0.20475862738655398,0.14682833094567288
QPSK,15,1,24961,1,True,True,True,False,0.15521192227475253,0.14682833094567288
QPSK,15,1,24962,2,True,True,True,False,0.13352770683511409,0.14682833094567288
QPSK,15,1,24963,3,True,True,True,False,0.09131456750434144,0.14682833094567288
QPSK,15,1,24964,4,True,True,True,False,0.16449136921692245,0.14682833094567288
QPSK,15,1,24965,5,True,True,True,False,0.19250591495796446,0.14682833094567288
QPSK,15,1,24967,7,True,True,True,False,0.22959702703739004,0.14682833094567288
QPSK,15,1,24968,8,True,True,True,False,0.2029559124402117,0.14682833094567288
QPSK,15,1,24972,12,True,True,True,False,0.12758322405799882,0.14682833094567288
QPSK,15,1,24973,13,True,True,True,False,0.140755990572076,0.14682833094567288
QPSK,15,1,24974,14,True,True,True,False,0.09223535640578219,0.14682833094567288
QPSK,15,1,24975,15,True,True,True,False,0.04555922221056808,0.14682833094567288
QPSK,15,1,24977,17,True,True,True,False,0.11490517830945449,0.14682833094567288
QPSK,15,1,24978,18,True,True,True,False,0.11309813854615273,0.14682833094567288
QPSK,15,1,24979,19,True,True,True,False,0.16452709705354707,0.14682833094567288
QPSK,15,1,24980,20,True,True,True,False,0.2615691196441765,0.14682833094567288
QPSK,15,1,24981,21,True,True,True,False,0.26227558283189817,0.14682833094567288
QPSK,15,1,24982,22,True,True,True,False,0.34205230621699156,0.14682833094567288
QPSK,15,1,24984,24,True,True,True,False,0.12437685775215017,0.14682833094567288
QPSK,15,1,24987,27,True,True,True,False,0.20650491292076664,0.14682833094567288
QPSK,15,1,24988,28,True,True,True,False,0.19168246355416985,0.14682833094567288
QPSK,15,1,24989,29,True,True,True,False,0.14248089182605703,0.14682833094567288
QPSK,15,1,24992,32,True,True,True,False,0.13072955587430082,0.14682833094567288
QPSK,15,1,24995,35,True,True,True,False,0.07900133516003259,0.14682833094567288
QPSK,15,1,24996,36,True,True,True,False,0.12339857408209744,0.14682833094567288
QPSK,15,1,24997,37,True,True,True,False,0.2841643062565293,0.14682833094567288
QPSK,15,1,24998,38,True,True,True,False,0.18049109041284606,0.14682833094567288
QPSK,15,1,24999,39,True,True,True,False,0.23172846353873333,0.14682833094567288
QPSK,20,1,24960,0,True,True,True,False,0.02175111398791345,0.08383566858654068
QPSK,20,1,24961,1,True,True,True,False,0.149384732113296,0.08383566858654068
QPSK,20,1,24962,2,True,True,True,False,0.108616051370372,0.08383566858654068
QPSK,20,1,24963,3,True,True,True,False,0.11842306078031148,0.08383566858654068
QPSK,20,1,24964,4,True,True,True,False,0.1365519422371913,0.08383566858654068
QPSK,20,1,24965,5,True,True,True,False,0.1606458887967566,0.08383566858654068
QPSK,20,1,24967,7,True,True,True,False,0.09872288905917759,0.08383566858654068
QPSK,20,1,24968,8,True,True,True,False,0.026675802111962854,0.08383566858654068
QPSK,20,1,24972,12,True,True,True,False,0.08519402790733364,0.08383566858654068
QPSK,20,1,24973,13,True,True,True,False,0.05689063553209882,0.08383566858654068
QPSK,20,1,24974,14,True,True,True,False,0.11704641498885993,0.08383566858654068
QPSK,20,1,24975,15,True,True,True,False,0.08034628205632552,0.08383566858654068
QPSK,20,1,24977,17,True,True,True,False,0.06382484483474872,0.08383566858654068
QPSK,20,1,24978,18,True,True,True,False,0.11294174443693096,0.08383566858654068
QPSK,20,1,24979,19,True,True,True,False,0.044540964027742456,0.08383566858654068
QPSK,20,1,24980,20,True,True,True,False,0.02455170424486642,0.08383566858654068
QPSK,20,1,24981,21,True,True,True,False,0.031482601543423284,0.08383566858654068
QPSK,20,1,24982,22,True,True,True,False,0.10221554180950289,0.08383566858654068
QPSK,20,1,24984,24,True,True,True,False,0.01956346350821206,0.08383566858654068
QPSK,20,1,24987,27,True,True,True,False,0.054537055380329574,0.08383566858654068
QPSK,20,1,24988,28,True,True,True,False,0.12412622700540557,0.08383566858654068
QPSK,20,1,24989,29,True,True,True,False,0.1476987988326149,0.08383566858654068
QPSK,20,1,24992,32,True,True,True,False,0.06405162239613722,0.08383566858654068
QPSK,20,1,24995,35,True,True,True,False,0.07100021475331249,0.08383566858654068
QPSK,20,1,24996,36,True,True,True,False,0.041225508049231405,0.08383566858654068
QPSK,20,1,24997,37,True,True,True,False,0.19348528193276074,0.08383566858654068
QPSK,20,1,24998,38,True,True,True,False,0.07891121302981395,0.08383566858654068
QPSK,20,1,24999,39,True,True,True,False,0.04610656788049483,0.08383566858654068
QPSK,10,2,19482,26,True,True,True,True,0.8378448485024168,0.26288436689443956
QPSK,10,2,10267,27,False,True,False,True,0.8775933484367915,0.26288436689443956
QPSK,10,2,4124,28,True,True,True,False,0.7576132760512639,0.26288436689443956
QPSK,10,2,15390,30,True,True,True,True,0.8134905178910153,0.26288436689443956
QPSK,10,2,17438,30,False,True,False,False,0.66658757084045,0.26288436689443956
QPSK,10,2,546,34,True,True,True,True,0.746926687626591,0.26288436689443956
QPSK,10,2,2084,36,False,True,False,False,0.6183373595365291,0.26288436689443956
QPSK,10,2,5167,47,False,True,False,False,0.6407044324635148,0.26288436689443956
QPSK,10,2,12851,51,True,True,True,True,0.7213924904566517,0.26288436689443956
QPSK,10,2,23093,53,True,False,False,False,0.7269882744223781,0.26288436689443956
QPSK,10,2,3129,57,True,True,True,True,0.8757680787568797,0.26288436689443956
QPSK,10,2,13883,59,True,True,True,True,0.7701497693728839,0.26288436689443956
QPSK,10,2,20540,60,True,True,True,True,1.062462706663898,0.26288436689443956
QPSK,10,2,2626,2,True,False,False,False,0.680001149191719,0.26288436689443956
QPSK,10,2,22596,4,True,True,True,True,0.8286970828928709,0.26288436689443956
QPSK,10,2,9805,13,True,False,False,False,0.6714113164134536,0.26288436689443956
QPSK,10,2,22107,27,False,True,False,False,0.6538872151892928,0.26288436689443956
QPSK,10,2,1120,32,True,True,True,True,0.7367057038539979,0.26288436689443956
QPSK,10,2,18552,56,True,False,False,True,0.7328931437155334,0.26288436689443956
QPSK,10,2,12410,58,False,True,False,False,0.6833184617114875,0.26288436689443956
QPSK,10,2,2685,61,True,False,False,False,0.7087607915708503,0.26288436689443956
QPSK,10,2,13950,62,True,True,True,False,0.6635086401224256,0.26288436689443956
QPSK,10,2,3200,0,True,True,True,True,0.8641695637489382,0.26288436689443956
QPSK,10,2,21632,0,True,False,False,False,0.7441105116211388,0.26288436689443956
QPSK,10,2,17553,17,True,False,False,False,0.7749658198180224,0.26288436689443956
QPSK,10,2,20118,22,True,False,False,False,0.6366229096045353,0.26288436689443956
QPSK,10,2,21662,30,False,True,False,True,0.7842222272745558,0.26288436689443956
QPSK,10,2,21664,32,True,False,False,True,0.7663772031600982,0.26288436689443956
QPSK,10,2,23724,44,False,True,False,False,0.7009818249925094,0.26288436689443956
QPSK,10,2,3246,46,True,False,False,True,0.7905181606204308,0.26288436689443956
QPSK,10,2,178,50,True,True,True,True,0.8074257922264748,0.26288436689443956
QPSK,10,2,14527,63,True,True,True,True,0.9965207090179069,0.26288436689443956
QPSK,10,2,14538,10,False,True,False,False,0.6656171581901614,0.26288436689443956
QPSK,10,2,19662,14,True,True,True,False,0.7890896635947001,0.26288436689443956
QPSK,10,2,24275,19,True,True,True,False,0.7985796205079098,0.26288436689443956
QPSK,10,2,14039,23,True,True,True,True,0.8131191537183823,0.26288436689443956
QPSK,10,2,24286,30,False,True,False,False,0.6519048194563615,0.26288436689443956
QPSK,10,2,14561,33,True,True,True,True,0.9445124442523883,0.26288436689443956
QPSK,10,2,7924,52,True,True,True,False,0.7096135533716806,0.26288436689443956
QPSK,10,2,2315,11,True,True,True,True,0.7675745860848133,0.26288436689443956
QPSK,10,2,9484,12,True,False,False,False,0.6973153250575702,0.26288436689443956
QPSK,10,2,13067,11,True,False,False,False,0.6667799590077411,0.26288436689443956
QPSK,10,2,23324,28,True,True,True,True,0.7865397453732378,0.26288436689443956
QPSK,10,2,1317,37,True,True,True,True,0.8228976258857589,0.26288436689443956
QPSK,10,2,12073,41,True,True,True,False,0.7264409848580727,0.26288436689443956
QPSK,10,2,15149,45,False,True,False,False,0.6664369232643146,0.26288436689443956
QPSK,10,2,6451,51,False,True,False,False,0.6690179497532774,0.26288436689443956
QPSK,10,2,18742,54,True,True,True,True,0.7980782050406416,0.26288436689443956
QPSK,10,2,20791,55,False,True,False,False,0.705640478135615,0.26288436689443956
QPSK,10,2,10043,59,True,False,False,False,0.7101934129930801,0.26288436689443956
QPSK,10,2,8508,60,True,False,False,False,0.6766172430846676,0.26288436689443956
QPSK,10,2,15676,60,True,True,True,True,0.9316982005066212,0.26288436689443956
QPSK,10,2,23891,19,True,True,True,True,0.7815915460064383,0.26288436689443956
QPSK,10,2,22888,40,True,True,True,True,0.8022200541606742,0.26288436689443956
QPSK,10,2,9580,44,True,True,True,True,0.9226551537279649,0.26288436689443956
QPSK,10,2,5487,47,True,False,False,False,0.6682809777405556,0.26288436689443956
QPSK,10,2,20341,53,True,True,True,True,0.7572092116644666,0.26288436689443956
QPSK,10,2,2936,56,True,False,False,False,0.831714213872808,0.26288436689443956
QPSK,10,2,6009,57,True,False,False,False,0.6533277718909246,0.26288436689443956
QPSK,10,2,24960,0,True,True,True,False,0.2930871664781368,0.26288436689443956
QPSK,10,2,24961,1,True,True,True,False,0.33361733503082774,0.26288436689443956
QPSK,10,2,12163,3,True,False,False,False,0.6770893867619902,0.26288436689443956
QPSK,10,2,24963,3,True,True,True,False,0.24617395645736592,0.26288436689443956
QPSK,10,2,24964,4,True,True,True,False,0.2712615997289405,0.26288436689443956
QPSK,10,2,24967,7,True,True,True,False,0.14894649760855677,0.26288436689443956
QPSK,10,2,24969,9,True,True,True,False,0.26170890204611275,0.26288436689443956
QPSK,10,2,24971,11,True,True,True,False,0.38084286246112475,0.26288436689443956
QPSK,10,2,24972,12,True,True,True,False,0.42030235107635744,0.26288436689443956
QPSK,10,2,24973,13,True,True,True,False,0.3716009910514578,0.26288436689443956
QPSK,10,2,24974,14,True,True,True,False,0.24373460907142536,0.26288436689443956
QPSK,10,2,24975,15,True,True,True,False,0.4394708609349354,0.26288436689443956
QPSK,10,2,13712,16,True,True,True,True,0.7836679963988836,0.26288436689443956
QPSK,10,2,24977,17,True,True,True,False,0.0382984163933452,0.26288436689443956
QPSK,10,2,24978,18,True,True,True,False,0.2562400556603098,0.26288436689443956
QPSK,10,2,24979,19,True,True,True,False,0.25968432437672234,0.26288436689443956
QPSK,10,2,24981,21,True,True,True,False,0.25943320829617283,0.26288436689443956
QPSK,10,2,24982,22,True,True,True,False,0.3126689635678617,0.26288436689443956
QPSK,10,2,24983,23,True,True,True,False,0.3181597505141284,0.26288436689443956
QPSK,10,2,5526,22,False,True,False,False,0.7564890975196042,0.26288436689443956
QPSK,10,2,24985,25,True,True,True,False,0.22251627443727576,0.26288436689443956
QPSK,10,2,24986,26,True,True,True,False,0.8300807202918339,0.26288436689443956
QPSK,10,2,24987,27,True,True,True,False,0.2742311661400284,0.26288436689443956
QPSK,10,2,24988,28,True,True,True,False,0.4281686558032516,0.26288436689443956
QPSK,10,2,24989,29,True,True,True,False,0.32063974387919003,0.26288436689443956
QPSK,10,2,24990,30,True,True,True,False,0.5785588568519281,0.26288436689443956
QPSK,10,2,24991,31,True,True,True,False,0.5223615048234213,0.26288436689443956
QPSK,10,2,18328,24,False,True,False,False,0.6755801620821184,0.26288436689443956
QPSK,10,2,24993,33,True,True,True,False,0.2263473647961542,0.26288436689443956
QPSK,10,2,24994,34,True,True,True,False,0.3478729004970004,0.26288436689443956
QPSK,10,2,11676,28,False,True,False,False,0.7205474273099692,0.26288436689443956
QPSK,10,2,24996,36,True,True,True,False,0.4782335580674938,0.26288436689443956
QPSK,10,2,24997,37,True,True,True,False,0.20848643625905713,0.26288436689443956
QPSK,10,2,24998,38,True,True,True,False,0.2053557085366021,0.26288436689443956
QPSK,10,2,24999,39,True,True,True,False,0.3449661691884317,0.26288436689443956
QPSK,10,2,4011,43,False,True,False,False,0.7424366202415216,0.26288436689443956
QPSK,10,2,14253,45,False,True,False,False,0.6018568642116947,0.26288436689443956
QPSK,10,2,20916,52,False,True,False,True,0.7250919437758929,0.26288436689443956
QPSK,10,2,1463,55,True,False,False,False,0.736322828734603,0.26288436689443956
QPSK,10,2,22458,58,True,True,True,True,0.8359210982557878,0.26288436689443956
QPSK,10,2,19921,17,True,False,False,True,0.9063498114489489,0.26288436689443956
QPSK,10,2,470,22,True,True,True,True,0.8140043067965362,0.26288436689443956
QPSK,10,2,15838,30,False,True,False,False,0.674881399536259,0.26288436689443956
QPSK,10,2,6112,32,False,True,False,False,0.610177187967023,0.26288436689443956
QPSK,10,2,5089,33,False,True,False,True,0.7274220151603588,0.26288436689443956
QPSK,10,2,15340,44,True,False,False,False,0.7752632969076044,0.26288436689443956
QPSK,10,2,17388,44,True,True,True,True,0.7698517620766078,0.26288436689443956
QPSK,10,2,11767,55,False,True,False,False,0.6499371439066802,0.26288436689443956
QPSK,10,2,23549,61,False,True,False,False,0.6172657193908695,0.26288436689443956
QPSK,15,2,24960,0,True,True,True,False,0.17780374628731477,0.14613443272486326
QPSK,15,2,24961,1,True,True,True,False,0.13069615145492094,0.14613443272486326
QPSK,15,2,24963,3,True,True,True,False,0.20703568850664705,0.14613443272486326
QPSK,15,2,24964,4,True,True,True,False,0.15546394234597916,0.14613443272486326
QPSK,15,2,24967,7,True,True,True,False,0.11892147822801699,0.14613443272486326
QPSK,15,2,24969,9,True,True,True,False,0.02301804800313455,0.14613443272486326
QPSK,15,2,24971,11,True,True,True,False,0.07303299820354794,0.14613443272486326
QPSK,15,2,24972,12,True,True,True,False,0.1221404011433296,0.14613443272486326
QPSK,15,2,24973,13,True,True,True,False,0.12229721167027068,0.14613443272486326
QPSK,15,2,24974,14,True,True,True,False,0.1208431268835491,0.14613443272486326
QPSK,15,2,24975,15,True,True,True,False,0.27050525864463953,0.14613443272486326
QPSK,15,2,24977,17,True,True,True,False,0.07324893827624858,0.14613443272486326
QPSK,15,2,24978,18,True,True,True,False,0.297877187563761,0.14613443272486326
QPSK,15,2,24979,19,True,True,True,False,0.017326638029359277,0.14613443272486326
QPSK,15,2,24981,21,True,True,True,False,0.1564787842596262,0.14613443272486326
QPSK,15,2,24982,22,True,True,True,False,0.12290982955013507,0.14613443272486326
QPSK,15,2,24983,23,True,True,True,False,0.04535695907048147,0.14613443272486326
QPSK,15,2,24985,25,True,True,True,False,0.14098835919895714,0.14613443272486326
QPSK,15,2,24986,26,True,True,True,False,0.15930574765907285,0.14613443272486326
QPSK,15,2,24987,27,True,True,True,False,0.36083363370457827,0.14613443272486326
QPSK,15,2,24988,28,True,True,True,False,0.16726768612726517,0.14613443272486326
QPSK,15,2,24989,29,True,True,True,False,0.12990621748038228,0.14613443272486326
QPSK,15,2,24990,30,True,True,True,False,0.027661081445857764,0.14613443272486326
QPSK,15,2,24991,31,True,True,True,False,0.08156814316814719,0.14613443272486326
QPSK,15,2,24993,33,True,True,True,False,0.1753344038639803,0.14613443272486326
QPSK,15,2,24994,34,True,True,True,False,0.04441111498957077,0.14613443272486326
QPSK,15,2,24996,36,True,True,True,False,0.15349464547555508,0.14613443272486326
QPSK,15,2,24997,37,True,True,True,False,0.33800673398825853,0.14613443272486326
QPSK,15,2,24998,38,True,True,True,False,0.28430074719612936,0.14613443272486326
QPSK,15,2,24999,39,True,True,True,False,0.10813562228763259,0.14613443272486326
QPSK,20,2,24960,0,True,True,True,False,0.04810176910705094,0.0834337183119607
QPSK,20,2,24961,1,True,True,True,False,0.1265344050579618,0.0834337183119607
QPSK,20,2,24963,3,True,True,True,False,0.15924362548407167,0.0834337183119607
QPSK,20,2,24964,4,True,True,True,False,0.07526898087137368,0.0834337183119607
QPSK,20,2,24967,7,True,True,True,False,0.14118948858726085,0.0834337183119607
QPSK,20,2,24969,9,True,True,True,False,0.10588614225225487,0.0834337183119607
QPSK,20,2,24971,11,True,True,True,False,0.04124058808124401,0.0834337183119607
QPSK,20,2,24972,12,True,True,True,False,0.11223230415351174,0.0834337183119607
QPSK,20,2,24973,13,True,True,True,False,0.08577884281215781,0.0834337183119607
QPSK,20,2,24974,14,True,True,True,False,0.030996775252140896,0.0834337183119607
QPSK,20,2,24975,15,True,True,True,False,0.1230249400969519,0.0834337183119607
QPSK,20,2,24977,17,True,True,True,False,0.1337809185000837,0.0834337183119607
QPSK,20,2,24978,18,True,True,True,False,0.11568405811417892,0.0834337183119607
QPSK,20,2,24979,19,True,True,True,False,0.10236577700704003,0.0834337183119607
QPSK,20,2,24981,21,True,True,True,False,0.06243645282249831,0.0834337183119607
QPSK,20,2,24982,22,True,True,True,False,0.10673793599543492,0.0834337183119607
QPSK,20,2,24983,23,True,True,True,False,0.18351156264133756,0.0834337183119607
QPSK,20,2,24985,25,True,True,True,False,0.03503201547653324,0.0834337183119607
QPSK,20,2,24986,26,True,True,True,False,0.12830036638110384,0.0834337183119607
QPSK,20,2,24987,27,True,True,True,False,0.10909969680153837,0.0834337183119607
QPSK,20,2,24988,28,True,True,True,False,0.16364650713670825,0.0834337183119607
QPSK,20,2,24989,29,True,True,True,False,0.07008222309415658,0.0834337183119607
QPSK,20,2,24990,30,True,True,True,False,0.0824936024337722,0.0834337183119607
QPSK,20,2,24991,31,True,True,True,False,0.162731024995621,0.0834337183119607
QPSK,20,2,24993,33,True,True,True,False,0.08124157487439672,0.0834337183119607
QPSK,20,2,24994,34,True,True,True,False,0.0883561937399757,0.0834337183119607
QPSK,20,2,24996,36,True,True,True,False,0.09073569616894447,0.0834337183119607
QPSK,20,2,24997,37,True,True,True,False,0.05902093646790347,0.0834337183119607
QPSK,20,2,24998,38,True,True,True,False,0.16322875577570428,0.0834337183119607
QPSK,20,2,24999,39,True,True,True,False,0.10646464701442751,0.0834337183119607
QPSK,10,3,11782,6,False,True,False,False,0.6165736495529853,0.2642252534279714
QPSK,10,3,19471,15,True,True,True,True,0.8104585860464474,0.2642252534279714
QPSK,10,3,12308,20,True,False,False,False,0.7127923375709552,0.2642252534279714
QPSK,10,3,1563,27,True,True,True,True,0.7644678001150822,0.2642252534279714
QPSK,10,3,24097,33,False,True,False,False,0.7481112842104298,0.2642252534279714
QPSK,10,3,7730,50,True,True,True,True,0.7389488206089511,0.2642252534279714
QPSK,10,3,23095,55,False,True,False,False,0.6646039213745967,0.2642252534279714
QPSK,10,3,2622,62,True,True,True,True,0.8084860177392468,0.2642252534279714
QPSK,10,3,9294,14,False,True,False,False,0.5727588306660145,0.2642252534279714
QPSK,10,3,3663,15,False,True,False,False,0.7004714392976977,0.2642252534279714
QPSK,10,3,84,20,True,False,False,False,0.825805795394054,0.2642252534279714
QPSK,10,3,6744,24,False,True,False,False,0.8319846829639914,0.2642252534279714
QPSK,10,3,15970,34,True,True,True,True,0.8412021347025346,0.2642252534279714
QPSK,10,3,9346,2,False,True,False,False,0.6951226154648921,0.2642252534279714
QPSK,10,3,23172,4,True,True,True,True,0.837112675382545,0.2642252534279714
QPSK,10,3,16527,15,True,False,False,False,0.9053856826153021,0.2642252534279714
QPSK,10,3,2212,36,True,True,True,True,0.8344983072624785,0.2642252534279714
QPSK,10,3,2728,40,False,True,False,False,0.812362015043623,0.2642252534279714
QPSK,10,3,11946,42,True,True,True,False,0.6719282973745633,0.2642252534279714
QPSK,10,3,12979,51,False,True,False,True,0.7140397074491138,0.2642252534279714
QPSK,10,3,189,61,True,False,False,False,0.7067192590427978,0.2642252534279714
QPSK,10,3,12490,10,True,False,False,False,0.6589558151311483,0.2642252534279714
QPSK,10,3,4307,19,True,False,False,True,0.7106578337672109,0.2642252534279714
QPSK,10,3,4831,31,False,True,False,False,0.6768434339502248,0.2642252534279714
QPSK,10,3,23779,35,False,True,False,True,0.7456918235042008,0.2642252534279714
QPSK,10,3,8421,37,True,True,True,True,0.95681786840489,0.2642252534279714
QPSK,10,3,19686,38,True,True,True,False,0.7956687449841361,0.2642252534279714
QPSK,10,3,11648,0,False,True,False,False,0.6476335541804099,0.2642252534279714
QPSK,10,3,21745,49,True,True,True,True,0.8046056103397757,0.2642252534279714
QPSK,10,3,19190,54,True,True,True,False,0.7130094171798044,0.2642252534279714
QPSK,10,3,7416,56,True,True,True,False,0.7242439960046424,0.2642252534279714
QPSK,10,3,17158,6,True,True,True,True,0.8072106358391448,0.2642252534279714
QPSK,10,3,22278,6,True,False,False,False,0.6037316460879731,0.2642252534279714
QPSK,10,3,11531,11,True,True,True,True,0.8585615592636692,0.2642252534279714
QPSK,10,3,20239,15,False,True,False,False,0.6526419093901384,0.2642252534279714
QPSK,10,3,24343,23,True,False,False,False,0.6806718639316465,0.2642252534279714
QPSK,10,3,6429,29,True,False,False,False,0.6876821770236564,0.2642252534279714
QPSK,10,3,802,34,True,True,True,True,0.7418527636730674,0.2642252534279714
QPSK,10,3,19234,34,True,False,False,False,0.700454924662094,0.2642252534279714
QPSK,10,3,21285,37,False,True,False,False,0.7562058519058006,0.2642252534279714
QPSK,10,3,7471,47,False,True,False,False,0.5720990489763041,0.2642252534279714
QPSK,10,3,15160,56,False,True,False,False,0.7168139668796194,0.2642252534279714
QPSK,10,3,12092,60,False,True,False,False,0.7355604535871474,0.2642252534279714
QPSK,10,3,21317,5,True,False,False,False,0.6849608015412311,0.2642252534279714
QPSK,10,3,3914,10,False,True,False,False,0.7608202653474984,0.2642252534279714
QPSK,10,3,9042,18,True,True,True,True,0.8044335666675326,0.2642252534279714
QPSK,10,3,23895,23,True,False,False,False,0.7625886339351332,0.2642252534279714
QPSK,10,3,16219,27,True,True,True,True,0.828878091169205,0.2642252534279714
QPSK,10,3,20837,37,True,True,True,True,0.7827559588504817,0.2642252534279714
QPSK,10,3,20337,49,False,True,False,False,0.5716840820312915,0.2642252534279714
QPSK,10,3,1908,52,True,False,False,True,0.7972567295660744,0.2642252534279714
QPSK,10,3,8055,55,True,True,True,True,0.758532786192704,0.2642252534279714
QPSK,10,3,15741,61,True,True,True,True,0.7526348805515386,0.2642252534279714
QPSK,10,3,9598,62,False,True,False,False,0.6720105372079338,0.2642252534279714
QPSK,10,3,24960,0,True,True,True,False,0.5305574993231986,0.2642252534279714
QPSK,10,3,24961,1,True,True,True,False,0.30521138980716284,0.2642252534279714
QPSK,10,3,24962,2,True,True,True,False,0.12541831398217643,0.2642252534279714
QPSK,10,3,6531,3,True,False,False,False,0.6330490416600542,0.2642252534279714
QPSK,10,3,24963,3,True,True,True,False,0.16980873639829772,0.2642252534279714
QPSK,10,3,24964,4,True,True,True,False,0.43115026262594164,0.2642252534279714
QPSK,10,3,24965,5,True,True,True,False,0.6620206448121716,0.2642252534279714
QPSK,10,3,23943,7,True,True,True,True,0.8981966644741002,0.2642252534279714
QPSK,10,3,24966,6,True,True,True,False,0.2280319965768384,0.2642252534279714
QPSK,10,3,24967,7,True,True,True,False,0.280840210824451,0.2642252534279714
QPSK,10,3,24968,8,True,True,True,False,0.21268702787661994,0.2642252534279714
QPSK,10,3,14731,11,True,True,True,True,0.7952463264914023,0.2642252534279714
QPSK,10,3,24970,10,True,True,True,False,0.21302375485431616,0.2642252534279714
QPSK,10,3,24973,13,True,True,True,False,0.5180881767320045,0.2642252534279714
QPSK,10,3,24974,14,True,True,True,False,0.2146541382055345,0.2642252534279714
QPSK,10,3,24969,9,True,True,True,False,0.37646570184298767,0.2642252534279714
QPSK,10,3,24976,16,True,True,True,False,0.07061681190392236,0.2642252534279714
QPSK,10,3,24971,11,True,True,True,False,0.34096556171174486,0.2642252534279714
QPSK,10,3,7058,18,True,True,True,False,0.7004872450515646,0.2642252534279714
QPSK,10,3,24978,18,True,True,True,False,0.291075812905061,0.2642252534279714
QPSK,10,3,24979,19,True,True,True,False,0.1318811722831994,0.2642252534279714
QPSK,10,3,24980,20,True,True,True,False,0.7175467035784381,0.2642252534279714
QPSK,10,3,24982,22,True,True,True,False,0.43120557253631936,0.2642252534279714
QPSK,10,3,24983,23,True,True,True,False,0.14286615984494547,0.2642252534279714
QPSK,10,3,24984,24,True,True,True,False,0.06577892615183935,0.2642252534279714
QPSK,10,3,24985,25,True,True,True,False,0.30183880473806685,0.2642252534279714
QPSK,10,3,24981,21,True,True,True,False,0.2568723074320131,0.2642252534279714
QPSK,10,3,13723,27,True,False,False,False,0.6514461361667235,0.2642252534279714
QPSK,10,3,24988,28,True,True,True,False,0.2416788612533878,0.2642252534279714
QPSK,10,3,14749,29,True,True,True,True,0.7968051121234587,0.2642252534279714
QPSK,10,3,24989,29,True,True,True,False,0.4307319670071203,0.2642252534279714
QPSK,10,3,12183,23,False,True,False,True,0.7782245578761816,0.2642252534279714
QPSK,10,3,24992,32,True,True,True,False,0.605024375478793,0.2642252534279714
QPSK,10,3,24995,35,True,True,True,False,0.4580651206655619,0.2642252534279714
QPSK,10,3,24996,36,True,True,True,False,0.1058130888499248,0.2642252534279714
QPSK,10,3,24997,37,True,True,True,False,0.22639545210113415,0.2642252534279714
QPSK,10,3,24998,38,True,True,True,False,0.23603847095946845,0.2642252534279714
QPSK,10,3,24999,39,True,True,True,False,0.15637474479175784,0.2642252534279714
QPSK,10,3,1456,48,True,True,True,False,0.8829154556050035,0.2642252534279714
QPSK,10,3,6071,55,True,True,True,True,0.7904089569494355,0.2642252534279714
QPSK,10,3,10172,60,False,True,False,False,0.6751719500931822,0.2642252534279714
QPSK,10,3,10176,0,True,True,True,True,0.8915584490700861,0.2642252534279714
QPSK,10,3,14274,2,True,False,False,False,0.706028551677893,0.2642252534279714
QPSK,10,3,21451,11,True,True,True,False,0.6809883007763379,0.2642252534279714
QPSK,10,3,12248,24,True,True,True,True,0.882773288169958,0.2642252534279714
QPSK,10,3,15327,31,True,False,False,True,0.7389377343599097,0.2642252534279714
QPSK,10,3,3553,33,False,True,False,False,0.6626596873594821,0.2642252534279714
QPSK,10,3,17895,39,True,False,False,False,0.7386228034147606,0.2642252534279714
QPSK,10,3,493,45,True,True,True,False,0.7645264276793519,0.2642252534279714
QPSK,10,3,15854,46,True,True,True,False,0.7197890135940277,0.2642252534279714
QPSK,10,3,8695,55,True,True,True,True,0.8129636101273171,0.2642252534279714
QPSK,15,3,24960,0,True,True,True,False,0.12063536090551595,0.14789333657471126
QPSK,15,3,24961,1,True,True,True,False,0.12980860156817806,0.14789333657471126
QPSK,15,3,24962,2,True,True,True,False,0.05000923444457924,0.14789333657471126
QPSK,15,3,24963,3,True,True,True,False,0.09349356350121,0.14789333657471126
QPSK,15,3,24964,4,True,True,True,False,0.1610653365672295,0.14789333657471126
QPSK,15,3,24965,5,True,True,True,False,0.12779645730494055,0.14789333657471126
QPSK,15,3,24966,6,True,True,True,False,0.30977906124693994,0.14789333657471126
QPSK,15,3,24967,7,True,True,True,False,0.035914614127109015,0.14789333657471126
QPSK,15,3,24968,8,True,True,True,False,0.10495650160427204,0.14789333657471126
QPSK,15,3,24969,9,True,True,True,False,0.050471769082043094,0.14789333657471126
QPSK,15,3,24970,10,True,True,True,False,0.075798861706738,0.14789333657471126
QPSK,15,3,24971,11,True,True,True,False,0.05812602741718502,0.14789333657471126
QPSK,15,3,24973,13,True,True,True,False,0.16729800101865086,0.14789333657471126
QPSK,15,3,24974,14,True,True,True,False,0.208644608601202,0.14789333657471126
QPSK,15,3,24976,16,True,True,True,False,0.049839693406424655,0.14789333657471126
QPSK,15,3,24978,18,True,True,True,False,0.13336887579249737,0.14789333657471126
QPSK,15,3,24979,19,True,True,True,False,0.2826328022208163,0.14789333657471126
QPSK,15,3,24980,20,True,True,True,False,0.0964402325405592,0.14789333657471126
QPSK,15,3,24981,21,True,True,True,False,0.16588679311686216,0.14789333657471126
QPSK,15,3,24982,22,True,True,True,False,0.013862365753470506,0.14789333657471126
QPSK,15,3,24983,23,True,True,True,False,0.16747668178572786,0.14789333657471126
QPSK,15,3,24984,24,True,True,True,False,0.022575791636297634,0.14789333657471126
QPSK,15,3,24985,25,True,True,True,False,0.11833623059261175,0.14789333657471126
QPSK,15,3,24988,28,True,True,True,False,0.14220795678076353,0.14789333657471126
QPSK,15,3,24989,29,True,True,True,False,0.1255258101799786,0.14789333657471126
QPSK,15,3,24992,32,True,True,True,False,0.1999384163560478,0.14789333657471126
QPSK,15,3,24995,35,True,True,True,False,0.42622148922555464,0.14789333657471126
QPSK,15,3,24996,36,True,True,True,False,0.16483631892967085,0.14789333657471126
QPSK,15,3,24997,37,True,True,True,False,0.18251516401451476,0.14789333657471126
QPSK,15,3,24998,38,True,True,True,False,0.43077262070992073,0.14789333657471126
QPSK,15,3,24999,39,True,True,True,False,0.03336127152406551,0.14789333657471126
QPSK,20,3,24960,0,True,True,True,False,0.0029548720244648415,0.0832862933425669
QPSK,20,3,24961,1,True,True,True,False,0.006634022310437518,0.0832862933425669
QPSK,20,3,24962,2,True,True,True,False,0.12455308719093022,0.0832862933425669
QPSK,20,3,24963,3,True,True,True,False,0.0916843792773562,0.0832862933425669
QPSK,20,3,24964,4,True,True,True,False,0.14968561680879613,0.0832862933425669
QPSK,20,3,24965,5,True,True,True,False,0.06409481002598473,0.0832862933425669
QPSK,20,3,24966,6,True,True,True,False,0.0772218312423488,0.0832862933425669
QPSK,20,3,24967,7,True,True,True,False,0.034427801806032235,0.0832862933425669
QPSK,20,3,24968,8,True,True,True,False,0.15469331560114075,0.0832862933425669
QPSK,20,3,24969,9,True,True,True,False,0.034244956030606954,0.0832862933425669
QPSK,20,3,24970,10,True,True,True,False,0.08892387518917086,0.0832862933425669
QPSK,20,3,24971,11,True,True,True,False,0.06546422653367961,0.0832862933425669
QPSK,20,3,24973,13,True,True,True,False,0.05466327658931882,0.0832862933425669
QPSK,20,3,24974,14,True,True,True,False,0.051360623024745415,0.0832862933425669
QPSK,20,3,24976,16,True,True,True,False,0.030632468770721722,0.0832862933425669
QPSK,20,3,24978,18,True,True,True,False,0.2011938186583449,0.0832862933425669
QPSK,20,3,24979,19,True,True,True,False,0.0999603048621843,0.0832862933425669
QPSK,20,3,24980,20,True,True,True,False,0.10001195460906263,0.0832862933425669
QPSK,20,3,24981,21,True,True,True,False,0.04997669321078008,0.0832862933425669
QPSK,20,3,24982,22,True,True,True,False,0.08265165567900704,0.0832862933425669
QPSK,20,3,24983,23,True,True,True,False,0.11587905402211082,0.0832862933425669
QPSK,20,3,24984,24,True,True,True,False,0.0197760175628949,0.0832862933425669
QPSK,20,3,24985,25,True,True,True,False,0.0588417204800644,0.0832862933425669
QPSK,20,3,24988,28,True,True,True,False,0.07561997607605304,0.0832862933425669
QPSK,20,3,24989,29,True,True,True,False,0.0789179051201074,0.0832862933425669
QPSK,20,3,24992,32,True,True,True,False,0.09479458795927821,0.0832862933425669
QPSK,20,3,24995,35,True,True,True,False,0.0836931655875059,0.0832862933425669
QPSK,20,3,24996,36,True,True,True,False,0.13268037093485133,0.0832862933425669
QPSK,20,3,24997,37,True,True,True,False,0.04567461721165189,0.0832862933425669
QPSK,20,3,24998,38,True,True,True,False,0.02689477900169428,0.0832862933425669
QPSK,20,3,24999,39,True,True,True,False,0.15669177684307817,0.0832862933425669
