modulation,channel_mode,trial,snr_db_in,method,snr_db_out_vs_postisi_ref,ber,errors,bits
BPSK,sinusoidal,0,-5,No Processing,-4.964390243058827,0.22488,5622,25000
BPSK,sinusoidal,0,-5,LMS-Frozen,0.6107529482957315,0.26864,6716,25000
BPSK,sinusoidal,0,-5,LMS-DD,-0.5427278367361891,0.47984,11996,25000
BPSK,sinusoidal,0,-5,NLMS-Frozen,0.6165434611513969,0.26596,6649,25000
BPSK,sinusoidal,0,-5,NLMS-DD,-0.5177711647613741,0.48016,12004,25000
BPSK,sinusoidal,0,0,No Processing,-0.014379938286423817,0.09416,2354,25000
BPSK,sinusoidal,0,0,LMS-Frozen,1.563565105603892,0.12968,3242,25000
BPSK,sinusoidal,0,0,LMS-DD,-0.7874778388856989,0.47008,11752,25000
BPSK,sinusoidal,0,0,NLMS-Frozen,1.5304393176459272,0.13148,3287,25000
BPSK,sinusoidal,0,0,NLMS-DD,-0.9674703312790316,0.4904,12260,25000
BPSK,sinusoidal,0,5,No Processing,5.041154079784161,0.01176,294,25000
BPSK,sinusoidal,0,5,LMS-Frozen,3.485839433305427,0.02824,706,25000
BPSK,sinusoidal,0,5,LMS-DD,-1.034110687188995,0.47912,11978,25000
BPSK,sinusoidal,0,5,NLMS-Frozen,3.4241476737905856,0.02988,747,25000
BPSK,sinusoidal,0,5,NLMS-DD,-1.093675853070755,0.4828,12070,25000
BPSK,sinusoidal,0,10,No Processing,10.046000449315393,4e-05,1,25000
BPSK,sinusoidal,0,10,LMS-Frozen,5.742658956662164,0.00116,29,25000
BPSK,sinusoidal,0,10,LMS-DD,-1.0594592395371087,0.47536,11884,25000
BPSK,sinusoidal,0,10,NLMS-Frozen,5.462188534052687,0.00172,43,25000
BPSK,sinusoidal,0,10,NLMS-DD,-1.1644012885305626,0.47952,11988,25000
BPSK,sinusoidal,0,15,No Processing,15.076810184234722,0.0,0,25000
BPSK,sinusoidal,0,15,LMS-Frozen,8.060698773182288,0.0,0,25000
BPSK,sinusoidal,0,15,LMS-DD,-1.1337685974102227,0.47644,11911,25000
BPSK,sinusoidal,0,15,NLMS-Frozen,7.550033830712605,4e-05,1,25000
BPSK,sinusoidal,0,15,NLMS-DD,-1.2006270093372693,0.47936,11984,25000
BPSK,sinusoidal,1,-5,No Processing,-5.028753745705706,0.22164,5541,25000
BPSK,sinusoidal,1,-5,LMS-Frozen,0.6808432807070547,0.25944,6486,25000
BPSK,sinusoidal,1,-5,LMS-DD,-0.5792390499980846,0.48392,12098,25000
BPSK,sinusoidal,1,-5,NLMS-Frozen,0.6755842559408283,0.2628,6570,25000
BPSK,sinusoidal,1,-5,NLMS-DD,-0.5697472285205902,0.49584,12396,25000
BPSK,sinusoidal,1,0,No Processing,0.010680321487866462,0.09176,2294,25000
BPSK,sinusoidal,1,0,LMS-Frozen,1.5959613026081385,0.1398,3495,25000
BPSK,sinusoidal,1,0,LMS-DD,-0.876517031708101,0.48116,12029,25000
BPSK,sinusoidal,1,0,NLMS-Frozen,1.5867087430910976,0.1398,3495,25000
BPSK,sinusoidal,1,0,NLMS-DD,-0.8751205358505959,0.48248,12062,25000
BPSK,sinusoidal,1,5,No Processing,5.020194697284519,0.01132,283,25000
BPSK,sinusoidal,1,5,LMS-Frozen,2.707751706998838,0.03024,756,25000
BPSK,sinusoidal,1,5,LMS-DD,-1.0450387503735312,0.48692,12173,25000
BPSK,sinusoidal,1,5,NLMS-Frozen,2.657855900769003,0.03152,788,25000
BPSK,sinusoidal,1,5,NLMS-DD,-1.0927802842119365,0.48416,12104,25000
BPSK,sinusoidal,1,10,No Processing,10.036069390865256,4e-05,1,25000
BPSK,sinusoidal,1,10,LMS-Frozen,4.216365948918806,0.00052,13,25000
BPSK,sinusoidal,1,10,LMS-DD,-1.0922335132293863,0.47812,11953,25000
BPSK,sinusoidal,1,10,NLMS-Frozen,4.095396771778701,0.00076,19,25000
BPSK,sinusoidal,1,10,NLMS-DD,-1.144220113377958,0.48044,12011,25000
BPSK,sinusoidal,1,15,No Processing,15.02268782366161,0.0,0,25000
BPSK,sinusoidal,1,15,LMS-Frozen,5.493402002158928,0.0,0,25000
BPSK,sinusoidal,1,15,LMS-DD,-1.1468082930693362,0.48008,12002,25000
BPSK,sinusoidal,1,15,NLMS-Frozen,5.305324900411529,0.0,0,25000
BPSK,sinusoidal,1,15,NLMS-DD,-1.1734576598254394,0.47704,11926,25000
BPSK,sinusoidal,2,-5,No Processing,-4.903319806800052,0.219,5475,25000
BPSK,sinusoidal,2,-5,LMS-Frozen,0.745214560645308,0.25584,6396,25000
BPSK,sinusoidal,2,-5,LMS-DD,-0.690015012290994,0.49808,12452,25000
BPSK,sinusoidal,2,-5,NLMS-Frozen,0.7369895161802431,0.25632,6408,25000
BPSK,sinusoidal,2,-5,NLMS-DD,-0.6454321730679111,0.49012,12253,25000
BPSK,sinusoidal,2,0,No Processing,0.04103166331811137,0.08788,2197,25000
BPSK,sinusoidal,2,0,LMS-Frozen,1.858845836329156,0.12048,3012,25000
BPSK,sinusoidal,2,0,LMS-DD,-1.0909630362425922,0.4938,12345,25000
BPSK,sinusoidal,2,0,NLMS-Frozen,1.8599755204630348,0.1226,3065,25000
BPSK,sinusoidal,2,0,NLMS-DD,-1.0087737702902457,0.48132,12033,25000
BPSK,sinusoidal,2,5,No Processing,5.1249163054855265,0.00816,204,25000
BPSK,sinusoidal,2,5,LMS-Frozen,3.5465429398484023,0.02052,513,25000
BPSK,sinusoidal,2,5,LMS-DD,-1.0984617420403922,0.4722,11805,25000
BPSK,sinusoidal,2,5,NLMS-Frozen,3.4881104997622354,0.02036,509,25000
BPSK,sinusoidal,2,5,NLMS-DD,-1.3029058263450135,0.4924,12310,25000
BPSK,sinusoidal,2,10,No Processing,10.044656974698745,4e-05,1,25000
BPSK,sinusoidal,2,10,LMS-Frozen,5.195105933754968,0.0004,10,25000
BPSK,sinusoidal,2,10,LMS-DD,-1.2480261861850537,0.47992,11998,25000
BPSK,sinusoidal,2,10,NLMS-Frozen,5.031246308358942,0.00044,11,25000
BPSK,sinusoidal,2,10,NLMS-DD,-1.2558259367237503,0.47588,11897,25000
BPSK,sinusoidal,2,15,No Processing,15.058781413120123,0.0,0,25000
BPSK,sinusoidal,2,15,LMS-Frozen,7.247736830977329,4e-05,1,25000
BPSK,sinusoidal,2,15,LMS-DD,-1.294811869684223,0.47904,11976,25000
BPSK,sinusoidal,2,15,NLMS-Frozen,6.861275412901358,4e-05,1,25000
BPSK,sinusoidal,2,15,NLMS-DD,-1.3579457407680642,0.4818,12045,25000
BPSK,sinusoidal,3,-5,No Processing,-4.971611907586853,0.22708,5677,25000
BPSK,sinusoidal,3,-5,LMS-Frozen,0.6804362180124862,0.25616,6404,25000
BPSK,sinusoidal,3,-5,LMS-DD,-0.5770888675262422,0.48728,12182,25000
BPSK,sinusoidal,3,-5,NLMS-Frozen,0.6764987573263676,0.25636,6409,25000
BPSK,sinusoidal,3,-5,NLMS-DD,-0.6230528255494496,0.49412,12353,25000
BPSK,sinusoidal,3,0,No Processing,-0.0470844160235353,0.09492,2373,25000
BPSK,sinusoidal,3,0,LMS-Frozen,1.4921704874209174,0.12408,3102,25000
BPSK,sinusoidal,3,0,LMS-DD,-0.9397411950889911,0.48916,12229,25000
BPSK,sinusoidal,3,0,NLMS-Frozen,1.496220224199076,0.1254,3135,25000
BPSK,sinusoidal,3,0,NLMS-DD,-0.9307415726082013,0.4858,12145,25000
BPSK,sinusoidal,3,5,No Processing,5.043435121589673,0.01008,252,25000
BPSK,sinusoidal,3,5,LMS-Frozen,3.1340285091298425,0.02276,569,25000
BPSK,sinusoidal,3,5,LMS-DD,-1.0342745597181116,0.48056,12014,25000
BPSK,sinusoidal,3,5,NLMS-Frozen,3.1014862026428935,0.0244,610,25000
BPSK,sinusoidal,3,5,NLMS-DD,-1.1404585847258173,0.48724,12181,25000
BPSK,sinusoidal,3,10,No Processing,10.03842965020415,4e-05,1,25000
BPSK,sinusoidal,3,10,LMS-Frozen,4.814725788347624,0.00024,6,25000
BPSK,sinusoidal,3,10,LMS-DD,-1.0948764930258517,0.47936,11984,25000
BPSK,sinusoidal,3,10,NLMS-Frozen,4.668625643375281,0.00032,8,25000
BPSK,sinusoidal,3,10,NLMS-DD,-1.145465920705419,0.47924,11981,25000
BPSK,sinusoidal,3,15,No Processing,15.029542409197024,0.0,0,25000
BPSK,sinusoidal,3,15,LMS-Frozen,6.193581099499225,4e-05,1,25000
BPSK,sinusoidal,3,15,LMS-DD,-1.1588155999247665,0.47956,11989,25000
BPSK,sinusoidal,3,15,NLMS-Frozen,5.893728581197434,4e-05,1,25000
BPSK,sinusoidal,3,15,NLMS-DD,-1.1826348321460096,0.4798,11995,25000
BPSK,sinusoidal,4,-5,No Processing,-4.938874407931044,0.22212,5553,25000
BPSK,sinusoidal,4,-5,LMS-Frozen,0.721133447383913,0.25348,6337,25000
BPSK,sinusoidal,4,-5,LMS-DD,-0.5626830766761974,0.47952,11988,25000
BPSK,sinusoidal,4,-5,NLMS-Frozen,0.7300446530123196,0.25268,6317,25000
BPSK,sinusoidal,4,-5,NLMS-DD,-0.5684620416999238,0.48672,12168,25000
BPSK,sinusoidal,4,0,No Processing,0.051055180690046074,0.09172,2293,25000
BPSK,sinusoidal,4,0,LMS-Frozen,1.5502661642290492,0.11752,2938,25000
BPSK,sinusoidal,4,0,LMS-DD,-0.8581571049609884,0.4712,11780,25000
BPSK,sinusoidal,4,0,NLMS-Frozen,1.5585338253321148,0.11864,2966,25000
BPSK,sinusoidal,4,0,NLMS-DD,-0.9350764124543147,0.48532,12133,25000
BPSK,sinusoidal,4,5,No Processing,5.041160571664047,0.00924,231,25000
BPSK,sinusoidal,4,5,LMS-Frozen,2.7235687939066224,0.02516,629,25000
BPSK,sinusoidal,4,5,LMS-DD,-1.025150281248021,0.47528,11882,25000
BPSK,sinusoidal,4,5,NLMS-Frozen,2.686479245369431,0.0252,630,25000
BPSK,sinusoidal,4,5,NLMS-DD,-1.1870594371968626,0.48608,12152,25000
BPSK,sinusoidal,4,10,No Processing,9.986836923487942,0.0,0,25000
BPSK,sinusoidal,4,10,LMS-Frozen,3.8686624937673026,0.00012,3,25000
BPSK,sinusoidal,4,10,LMS-DD,-1.1445384176467939,0.4812,12030,25000
BPSK,sinusoidal,4,10,NLMS-Frozen,3.8816468391722263,0.00012,3,25000
BPSK,sinusoidal,4,10,NLMS-DD,-1.2245104251013095,0.48364,12091,25000
BPSK,sinusoidal,4,15,No Processing,15.054626615680922,0.0,0,25000
BPSK,sinusoidal,4,15,LMS-Frozen,4.929122583067049,4e-05,1,25000
BPSK,sinusoidal,4,15,LMS-DD,-1.1495367118444388,0.47588,11897,25000
BPSK,sinusoidal,4,15,NLMS-Frozen,4.873428488184238,4e-05,1,25000
BPSK,sinusoidal,4,15,NLMS-DD,-1.1759720441380943,0.47384,11846,25000
BPSK,random_walk,0,-5,No Processing,-4.938398990473065,0.24804,6201,25000
BPSK,random_walk,0,-5,LMS-Frozen,0.41311126204152815,0.30328,7582,25000
BPSK,random_walk,0,-5,LMS-DD,-0.48707366752060505,0.48744,12186,25000
BPSK,random_walk,0,-5,NLMS-Frozen,0.4165266473847634,0.30172,7543,25000
BPSK,random_walk,0,-5,NLMS-DD,-0.4293281385583276,0.48572,12143,25000
BPSK,random_walk,0,0,No Processing,0.011611314299341988,0.1338,3345,25000
BPSK,random_walk,0,0,LMS-Frozen,1.0471332345833555,0.17504,4376,25000
BPSK,random_walk,0,0,LMS-DD,-0.7277179745270261,0.49404,12351,25000
BPSK,random_walk,0,0,NLMS-Frozen,1.0026070775880416,0.17368,4342,25000
BPSK,random_walk,0,0,NLMS-DD,-0.7469324476053105,0.49668,12417,25000
BPSK,random_walk,0,5,No Processing,5.067145332369925,0.04536,1134,25000
BPSK,random_walk,0,5,LMS-Frozen,2.4227919464609378,0.0702,1755,25000
BPSK,random_walk,0,5,LMS-DD,-0.8357992673529967,0.48424,12106,25000
BPSK,random_walk,0,5,NLMS-Frozen,2.3344821128840696,0.07392,1848,25000
BPSK,random_walk,0,5,NLMS-DD,-0.7974988573922694,0.46924,11731,25000
BPSK,random_walk,0,10,No Processing,10.071991701901158,0.01212,303,25000
BPSK,random_walk,0,10,LMS-Frozen,3.854132959835825,0.0112,280,25000
BPSK,random_walk,0,10,LMS-DD,-0.9107580228821854,0.4806,12015,25000
BPSK,random_walk,0,10,NLMS-Frozen,3.417948616677555,0.01488,372,25000
BPSK,random_walk,0,10,NLMS-DD,-0.9607474735262611,0.48016,12004,25000
BPSK,random_walk,0,15,No Processing,15.102801436820485,0.00504,126,25000
BPSK,random_walk,0,15,LMS-Frozen,4.8885123070870975,0.00016,4,25000
BPSK,random_walk,0,15,LMS-DD,-0.9699194845888637,0.4786,11965,25000
BPSK,random_walk,0,15,NLMS-Frozen,4.318968606967771,0.00028,7,25000
BPSK,random_walk,0,15,NLMS-DD,-0.9752544434255779,0.47696,11924,25000
BPSK,random_walk,1,-5,No Processing,-4.990943286926432,0.24436,6109,25000
BPSK,random_walk,1,-5,LMS-Frozen,0.5746959150901739,0.2798,6995,25000
BPSK,random_walk,1,-5,LMS-DD,-0.4505411975957418,0.4964,12410,25000
BPSK,random_walk,1,-5,NLMS-Frozen,0.5703840572291681,0.28204,7051,25000
BPSK,random_walk,1,-5,NLMS-DD,-0.48961044145316684,0.49752,12438,25000
BPSK,random_walk,1,0,No Processing,0.048490780267141806,0.11712,2928,25000
BPSK,random_walk,1,0,LMS-Frozen,1.362839841832253,0.15876,3969,25000
BPSK,random_walk,1,0,LMS-DD,-0.7997948750048195,0.5002,12505,25000
BPSK,random_walk,1,0,NLMS-Frozen,1.3531969404582247,0.15808,3952,25000
BPSK,random_walk,1,0,NLMS-DD,-0.7499011786600001,0.49784,12446,25000
BPSK,random_walk,1,5,No Processing,5.058005156063796,0.026,650,25000
BPSK,random_walk,1,5,LMS-Frozen,2.256489920857185,0.04832,1208,25000
BPSK,random_walk,1,5,LMS-DD,-0.7994306627863803,0.48056,12014,25000
BPSK,random_walk,1,5,NLMS-Frozen,2.2151671672713955,0.05032,1258,25000
BPSK,random_walk,1,5,NLMS-DD,-0.8539480965542035,0.48556,12139,25000
BPSK,random_walk,1,10,No Processing,10.073879849644534,0.00088,22,25000
BPSK,random_walk,1,10,LMS-Frozen,3.5124799452994337,0.00376,94,25000
BPSK,random_walk,1,10,LMS-DD,-0.8968620161664895,0.482,12050,25000
BPSK,random_walk,1,10,NLMS-Frozen,3.3619148600954003,0.00432,108,25000
BPSK,random_walk,1,10,NLMS-DD,-0.9082285870748223,0.47648,11912,25000
BPSK,random_walk,1,15,No Processing,15.060498282440886,0.0,0,25000
BPSK,random_walk,1,15,LMS-Frozen,4.403203589393446,0.0004,10,25000
BPSK,random_walk,1,15,LMS-DD,-0.9164625339993503,0.4764,11910,25000
BPSK,random_walk,1,15,NLMS-Frozen,4.261504240865661,0.00036,9,25000
BPSK,random_walk,1,15,NLMS-DD,-0.9021361129911376,0.472,11800,25000
BPSK,random_walk,2,-5,No Processing,-4.849077981527008,0.22524,5631,25000
BPSK,random_walk,2,-5,LMS-Frozen,0.5928588381989168,0.26516,6629,25000
BPSK,random_walk,2,-5,LMS-DD,-0.40159784291085154,0.49176,12294,25000
BPSK,random_walk,2,-5,NLMS-Frozen,0.5851247564446562,0.26612,6653,25000
BPSK,random_walk,2,-5,NLMS-DD,-0.3945473692557735,0.4976,12440,25000
BPSK,random_walk,2,0,No Processing,0.0952734885911565,0.10004,2501,25000
BPSK,random_walk,2,0,LMS-Frozen,1.4126540452356924,0.12964,3241,25000
BPSK,random_walk,2,0,LMS-DD,-0.6162337704835668,0.47688,11922,25000
BPSK,random_walk,2,0,NLMS-Frozen,1.4178613948972347,0.13168,3292,25000
BPSK,random_walk,2,0,NLMS-DD,-0.6436317016404001,0.4884,12210,25000
BPSK,random_walk,2,5,No Processing,5.179158130758571,0.01476,369,25000
BPSK,random_walk,2,5,LMS-Frozen,2.4711662675907924,0.02564,641,25000
BPSK,random_walk,2,5,LMS-DD,-0.7796166989581166,0.49,12250,25000
BPSK,random_walk,2,5,NLMS-Frozen,2.4291514465779525,0.02624,656,25000
BPSK,random_walk,2,5,NLMS-DD,-0.7641075179721711,0.48452,12113,25000
BPSK,random_walk,2,10,No Processing,10.098898799971792,0.00032,8,25000
BPSK,random_walk,2,10,LMS-Frozen,3.3679771936405882,0.00104,26,25000
BPSK,random_walk,2,10,LMS-DD,-0.7981215352605393,0.48316,12079,25000
BPSK,random_walk,2,10,NLMS-Frozen,3.310244480496225,0.00128,32,25000
BPSK,random_walk,2,10,NLMS-DD,-0.810861268878943,0.47632,11908,25000
BPSK,random_walk,2,15,No Processing,15.11302323839317,0.0,0,25000
BPSK,random_walk,2,15,LMS-Frozen,4.409377480381734,4e-05,1,25000
BPSK,random_walk,2,15,LMS-DD,-0.8826550181400062,0.4878,12195,25000
BPSK,random_walk,2,15,NLMS-Frozen,4.341691866335256,4e-05,1,25000
BPSK,random_walk,2,15,NLMS-DD,-0.8803519561471628,0.48404,12101,25000
BPSK,random_walk,3,-5,No Processing,-4.97237481959297,0.26152,6538,25000
BPSK,random_walk,3,-5,LMS-Frozen,0.5115046006326817,0.28064,7016,25000
BPSK,random_walk,3,-5,LMS-DD,-0.4413862181347339,0.49616,12404,25000
BPSK,random_walk,3,-5,NLMS-Frozen,0.5113066170314589,0.28072,7018,25000
BPSK,random_walk,3,-5,NLMS-DD,-0.46129107722757995,0.5002,12505,25000
BPSK,random_walk,3,0,No Processing,-0.047847328029652025,0.14,3500,25000
BPSK,random_walk,3,0,LMS-Frozen,1.0697767059018197,0.15748,3937,25000
BPSK,random_walk,3,0,LMS-DD,-0.5952654478355317,0.48072,12018,25000
BPSK,random_walk,3,0,NLMS-Frozen,1.0787270382298515,0.15908,3977,25000
BPSK,random_walk,3,0,NLMS-DD,-0.7049417546236194,0.49584,12396,25000
BPSK,random_walk,3,5,No Processing,5.042672209583556,0.04444,1111,25000
BPSK,random_walk,3,5,LMS-Frozen,2.3413839015889883,0.0516,1290,25000
BPSK,random_walk,3,5,LMS-DD,-0.7827946322958462,0.48284,12071,25000
BPSK,random_walk,3,5,NLMS-Frozen,2.2973041429475964,0.05656,1414,25000
BPSK,random_walk,3,5,NLMS-DD,-0.8045761512390815,0.48536,12134,25000
BPSK,random_walk,3,10,No Processing,10.037666738198034,0.0126,315,25000
BPSK,random_walk,3,10,LMS-Frozen,3.6342370265576625,0.004,100,25000
BPSK,random_walk,3,10,LMS-DD,-0.7944997326186177,0.47604,11901,25000
BPSK,random_walk,3,10,NLMS-Frozen,3.3880776024630244,0.0058,145,25000
BPSK,random_walk,3,10,NLMS-DD,-0.7900471814902505,0.47476,11869,25000
BPSK,random_walk,3,15,No Processing,15.028779497190905,0.00624,156,25000
BPSK,random_walk,3,15,LMS-Frozen,4.555808152056508,4e-05,1,25000
BPSK,random_walk,3,15,LMS-DD,-0.8896320687874248,0.48036,12009,25000
BPSK,random_walk,3,15,NLMS-Frozen,4.140288800650802,0.00012,3,25000
BPSK,random_walk,3,15,NLMS-DD,-0.8970910760130735,0.48144,12036,25000
BPSK,random_walk,4,-5,No Processing,-4.8751722915319675,0.2472,6180,25000
BPSK,random_walk,4,-5,LMS-Frozen,0.8515420226760416,0.27028,6757,25000
BPSK,random_walk,4,-5,LMS-DD,-0.6081046417722767,0.47908,11977,25000
BPSK,random_walk,4,-5,NLMS-Frozen,0.8574760920117531,0.27148,6787,25000
BPSK,random_walk,4,-5,NLMS-DD,-0.6527785552068331,0.49848,12462,25000
BPSK,random_walk,4,0,No Processing,0.11475729708912438,0.13628,3407,25000
BPSK,random_walk,4,0,LMS-Frozen,1.9289444382542436,0.15356,3839,25000
BPSK,random_walk,4,0,LMS-DD,-0.9315769857684665,0.48768,12192,25000
BPSK,random_walk,4,0,NLMS-Frozen,1.9422398293214258,0.15712,3928,25000
BPSK,random_walk,4,0,NLMS-DD,-1.0536300170001045,0.493,12325,25000
BPSK,random_walk,4,5,No Processing,5.104862688063127,0.0562,1405,25000
BPSK,random_walk,4,5,LMS-Frozen,3.702507111664024,0.06148,1537,25000
BPSK,random_walk,4,5,LMS-DD,-1.12317067311478,0.47616,11904,25000
BPSK,random_walk,4,5,NLMS-Frozen,3.6783033133923313,0.06168,1542,25000
BPSK,random_walk,4,5,NLMS-DD,-1.1580998094302966,0.48024,12006,25000
BPSK,random_walk,4,10,No Processing,10.05053903988702,0.03216,804,25000
BPSK,random_walk,4,10,LMS-Frozen,5.713415855596362,0.032,800,25000
BPSK,random_walk,4,10,LMS-DD,-1.2103355713755213,0.46932,11733,25000
BPSK,random_walk,4,10,NLMS-Frozen,5.5870251928587535,0.03156,789,25000
BPSK,random_walk,4,10,NLMS-DD,-1.312378362625772,0.47736,11934,25000
BPSK,random_walk,4,15,No Processing,15.118328732080002,0.02424,606,25000
BPSK,random_walk,4,15,LMS-Frozen,7.917737651916727,0.02656,664,25000
BPSK,random_walk,4,15,LMS-DD,-1.2311616520467863,0.46832,11708,25000
BPSK,random_walk,4,15,NLMS-Frozen,7.627305340150602,0.0252,630,25000
BPSK,random_walk,4,15,NLMS-DD,-1.3524008450066618,0.48076,12019,25000
QPSK,sinusoidal,0,-5,No Processing,-4.961624376084722,0.3032,15160,50000
QPSK,sinusoidal,0,-5,LMS-Frozen,0.5489372319247952,0.32784,16392,50000
QPSK,sinusoidal,0,-5,LMS-DD,-0.27318160076341963,0.47946,23973,50000
QPSK,sinusoidal,0,-5,NLMS-Frozen,0.56002223673767,0.32768,16384,50000
QPSK,sinusoidal,0,-5,NLMS-DD,-0.3418014770189995,0.49236,24618,50000
QPSK,sinusoidal,0,0,No Processing,-0.011614071312316615,0.18232,9116,50000
QPSK,sinusoidal,0,0,LMS-Frozen,1.5786662836331429,0.20898,10449,50000
QPSK,sinusoidal,0,0,LMS-DD,-0.5530214901055011,0.49428,24714,50000
QPSK,sinusoidal,0,0,NLMS-Frozen,1.5529400692613962,0.2076,10380,50000
QPSK,sinusoidal,0,0,NLMS-DD,-0.5050805433499405,0.48468,24234,50000
QPSK,sinusoidal,0,5,No Processing,5.043919946758267,0.07024,3512,50000
QPSK,sinusoidal,0,5,LMS-Frozen,3.4280534517038714,0.073,3650,50000
QPSK,sinusoidal,0,5,LMS-DD,-0.8971557138380384,0.47574,23787,50000
QPSK,sinusoidal,0,5,NLMS-Frozen,3.333500341584363,0.075,3750,50000
QPSK,sinusoidal,0,5,NLMS-DD,-0.917178347884565,0.48426,24213,50000
QPSK,sinusoidal,0,10,No Processing,10.048766316289498,0.01174,587,50000
QPSK,sinusoidal,0,10,LMS-Frozen,5.670052037474899,0.00682,341,50000
QPSK,sinusoidal,0,10,LMS-DD,-1.0558485292617816,0.47914,23957,50000
QPSK,sinusoidal,0,10,NLMS-Frozen,5.391412655288901,0.00818,409,50000
QPSK,sinusoidal,0,10,NLMS-DD,-1.1339798505838299,0.47994,23997,50000
QPSK,sinusoidal,0,15,No Processing,15.079576051208823,0.00056,28,50000
QPSK,sinusoidal,0,15,LMS-Frozen,7.817865222434261,2e-05,1,50000
QPSK,sinusoidal,0,15,LMS-DD,-1.1553191980085729,0.47848,23924,50000
QPSK,sinusoidal,0,15,NLMS-Frozen,7.3593369274158675,2e-05,1,50000
QPSK,sinusoidal,0,15,NLMS-DD,-1.1707850152779473,0.47836,23918,50000
QPSK,sinusoidal,1,-5,No Processing,-5.02647362633163,0.30218,15109,50000
QPSK,sinusoidal,1,-5,LMS-Frozen,0.5934124521887965,0.32798,16399,50000
QPSK,sinusoidal,1,-5,LMS-DD,-0.40411248697006374,0.49646,24823,50000
QPSK,sinusoidal,1,-5,NLMS-Frozen,0.5921688491982289,0.32814,16407,50000
QPSK,sinusoidal,1,-5,NLMS-DD,-0.4176500979856998,0.49604,24802,50000
QPSK,sinusoidal,1,0,No Processing,0.012960440861944629,0.18416,9208,50000
QPSK,sinusoidal,1,0,LMS-Frozen,1.5424361298705622,0.2025,10125,50000
QPSK,sinusoidal,1,0,LMS-DD,-0.5058019856380742,0.49546,24773,50000
QPSK,sinusoidal,1,0,NLMS-Frozen,1.5310434731315943,0.20554,10277,50000
QPSK,sinusoidal,1,0,NLMS-DD,-0.4628216753319455,0.49016,24508,50000
QPSK,sinusoidal,1,5,No Processing,5.022474816658598,0.07,3500,50000
QPSK,sinusoidal,1,5,LMS-Frozen,2.830378439814869,0.07066,3533,50000
QPSK,sinusoidal,1,5,LMS-DD,-0.9360095345657794,0.48318,24159,50000
QPSK,sinusoidal,1,5,NLMS-Frozen,2.7862829792679333,0.07134,3567,50000
QPSK,sinusoidal,1,5,NLMS-DD,-0.8630858245114565,0.48214,24107,50000
QPSK,sinusoidal,1,10,No Processing,10.038349510239332,0.01306,653,50000
QPSK,sinusoidal,1,10,LMS-Frozen,4.177584500000126,0.00738,369,50000
QPSK,sinusoidal,1,10,LMS-DD,-1.057028491663072,0.47862,23931,50000
QPSK,sinusoidal,1,10,NLMS-Frozen,4.138736710838038,0.00712,356,50000
QPSK,sinusoidal,1,10,NLMS-DD,-1.0981289484169237,0.48128,24064,50000
QPSK,sinusoidal,1,15,No Processing,15.024967943035684,0.00102,51,50000
QPSK,sinusoidal,1,15,LMS-Frozen,5.55609708253056,0.00012,6,50000
QPSK,sinusoidal,1,15,LMS-DD,-1.1155531406058983,0.47728,23864,50000
QPSK,sinusoidal,1,15,NLMS-Frozen,5.430427876078806,0.00012,6,50000
QPSK,sinusoidal,1,15,NLMS-DD,-1.1149347758356234,0.47592,23796,50000
QPSK,sinusoidal,2,-5,No Processing,-4.9012128063669085,0.2998,14990,50000
QPSK,sinusoidal,2,-5,LMS-Frozen,0.7201666088401659,0.32828,16414,50000
QPSK,sinusoidal,2,-5,LMS-DD,-0.48471102640685104,0.49988,24994,50000
QPSK,sinusoidal,2,-5,NLMS-Frozen,0.7155330071169435,0.32578,16289,50000
QPSK,sinusoidal,2,-5,NLMS-DD,-0.3994789078532791,0.49056,24528,50000
QPSK,sinusoidal,2,0,No Processing,0.04313866375126017,0.17818,8909,50000
QPSK,sinusoidal,2,0,LMS-Frozen,1.7437420196512923,0.19894,9947,50000
QPSK,sinusoidal,2,0,LMS-DD,-0.5738198351873784,0.48646,24323,50000
QPSK,sinusoidal,2,0,NLMS-Frozen,1.7411075631604085,0.20034,10017,50000
QPSK,sinusoidal,2,0,NLMS-DD,-0.6050205966024751,0.48876,24438,50000
QPSK,sinusoidal,2,5,No Processing,5.127023305918672,0.06198,3099,50000
QPSK,sinusoidal,2,5,LMS-Frozen,3.4231241541416138,0.06416,3208,50000
QPSK,sinusoidal,2,5,LMS-DD,-1.0363277628102536,0.48032,24016,50000
QPSK,sinusoidal,2,5,NLMS-Frozen,3.356011919399032,0.06578,3289,50000
QPSK,sinusoidal,2,5,NLMS-DD,-0.9971092886011657,0.47488,23744,50000
QPSK,sinusoidal,2,10,No Processing,10.046763975131894,0.00854,427,50000
QPSK,sinusoidal,2,10,LMS-Frozen,5.310038968072589,0.00536,268,50000
QPSK,sinusoidal,2,10,LMS-DD,-1.2133622249945561,0.47812,23906,50000
QPSK,sinusoidal,2,10,NLMS-Frozen,5.120819221641942,0.00584,292,50000
QPSK,sinusoidal,2,10,NLMS-DD,-1.2212022062036036,0.4749,23745,50000
QPSK,sinusoidal,2,15,No Processing,15.06088841355327,0.00026,13,50000
QPSK,sinusoidal,2,15,LMS-Frozen,7.304419278490618,2e-05,1,50000
QPSK,sinusoidal,2,15,LMS-DD,-1.2026187892989562,0.46966,23483,50000
QPSK,sinusoidal,2,15,NLMS-Frozen,6.910064627780811,4e-05,2,50000
QPSK,sinusoidal,2,15,NLMS-DD,-1.2880480348476886,0.4801,24005,50000
QPSK,sinusoidal,3,-5,No Processing,-4.970849061990706,0.30438,15219,50000
QPSK,sinusoidal,3,-5,LMS-Frozen,0.6606849519128055,0.3245,16225,50000
QPSK,sinusoidal,3,-5,LMS-DD,-0.3862138010313703,0.49642,24821,50000
QPSK,sinusoidal,3,-5,NLMS-Frozen,0.6511879496044406,0.32644,16322,50000
QPSK,sinusoidal,3,-5,NLMS-DD,-0.3884640135787986,0.49074,24537,50000
QPSK,sinusoidal,3,0,No Processing,-0.04632157042738856,0.1893,9465,50000
QPSK,sinusoidal,3,0,LMS-Frozen,1.519957181484723,0.20232,10116,50000
QPSK,sinusoidal,3,0,LMS-DD,-0.5156290840788631,0.49086,24543,50000
QPSK,sinusoidal,3,0,NLMS-Frozen,1.4946477060108774,0.20328,10164,50000
QPSK,sinusoidal,3,0,NLMS-DD,-0.41624848280464366,0.47914,23957,50000
QPSK,sinusoidal,3,5,No Processing,5.044197967185821,0.07222,3611,50000
QPSK,sinusoidal,3,5,LMS-Frozen,2.9986136466876983,0.06732,3366,50000
QPSK,sinusoidal,3,5,LMS-DD,-0.8274269596256946,0.47224,23612,50000
QPSK,sinusoidal,3,5,NLMS-Frozen,2.919144362319696,0.06814,3407,50000
QPSK,sinusoidal,3,5,NLMS-DD,-0.9140021250814612,0.4851,24255,50000
QPSK,sinusoidal,3,10,No Processing,10.039192495800297,0.01328,664,50000
QPSK,sinusoidal,3,10,LMS-Frozen,4.644985420007858,0.00556,278,50000
QPSK,sinusoidal,3,10,LMS-DD,-1.0474238419433124,0.47998,23999,50000
QPSK,sinusoidal,3,10,NLMS-Frozen,4.514632467308288,0.006,300,50000
QPSK,sinusoidal,3,10,NLMS-DD,-1.093310032580444,0.47794,23897,50000
QPSK,sinusoidal,3,15,No Processing,15.030305254793168,0.00084,42,50000
QPSK,sinusoidal,3,15,LMS-Frozen,6.136485327719965,8e-05,4,50000
QPSK,sinusoidal,3,15,LMS-DD,-1.0817976945101098,0.47682,23841,50000
QPSK,sinusoidal,3,15,NLMS-Frozen,5.872762947031872,8e-05,4,50000
QPSK,sinusoidal,3,15,NLMS-DD,-1.1591226844882594,0.482,24100,50000
QPSK,sinusoidal,4,-5,No Processing,-4.936922176057764,0.29788,14894,50000
QPSK,sinusoidal,4,-5,LMS-Frozen,0.6874396038167507,0.31866,15933,50000
QPSK,sinusoidal,4,-5,LMS-DD,-0.3886597536466214,0.5009,25045,50000
QPSK,sinusoidal,4,-5,NLMS-Frozen,0.6785242456033773,0.32,16000,50000
QPSK,sinusoidal,4,-5,NLMS-DD,-0.3782158275319047,0.48916,24458,50000
QPSK,sinusoidal,4,0,No Processing,0.05300741256332799,0.18316,9158,50000
QPSK,sinusoidal,4,0,LMS-Frozen,1.4864254726969015,0.20292,10146,50000
QPSK,sinusoidal,4,0,LMS-DD,-0.5338687560613824,0.48388,24194,50000
QPSK,sinusoidal,4,0,NLMS-Frozen,1.4710829709461173,0.2052,10260,50000
QPSK,sinusoidal,4,0,NLMS-DD,-0.4470566176969213,0.4809,24045,50000
QPSK,sinusoidal,4,5,No Processing,5.043112803537331,0.06956,3478,50000
QPSK,sinusoidal,4,5,LMS-Frozen,2.7588095053060906,0.07398,3699,50000
QPSK,sinusoidal,4,5,LMS-DD,-0.9926493009740129,0.48534,24267,50000
QPSK,sinusoidal,4,5,NLMS-Frozen,2.7754097420189465,0.07302,3651,50000
QPSK,sinusoidal,4,5,NLMS-DD,-0.9194817222496909,0.47864,23932,50000
QPSK,sinusoidal,4,10,No Processing,9.988789155361223,0.01182,591,50000
QPSK,sinusoidal,4,10,LMS-Frozen,3.929911368485641,0.00992,496,50000
QPSK,sinusoidal,4,10,LMS-DD,-1.13426326046567,0.48222,24111,50000
QPSK,sinusoidal,4,10,NLMS-Frozen,3.986564675847031,0.00916,458,50000
QPSK,sinusoidal,4,10,NLMS-DD,-1.0683570729147482,0.46984,23492,50000
QPSK,sinusoidal,4,15,No Processing,15.056578847554201,0.00044,22,50000
QPSK,sinusoidal,4,15,LMS-Frozen,4.921873456888314,0.00022,11,50000
QPSK,sinusoidal,4,15,LMS-DD,-1.1862373370868549,0.47632,23816,50000
QPSK,sinusoidal,4,15,NLMS-Frozen,4.903993498261369,0.0002,10,50000
QPSK,sinusoidal,4,15,NLMS-DD,-1.1830446475737104,0.47968,23984,50000
QPSK,random_walk,0,-5,No Processing,-4.939089960806669,0.31876,15938,50000
QPSK,random_walk,0,-5,LMS-Frozen,0.3516769724124074,0.35916,17958,50000
QPSK,random_walk,0,-5,LMS-DD,-0.33175457464361185,0.49862,24931,50000
QPSK,random_walk,0,-5,NLMS-Frozen,0.36180918832630277,0.35674,17837,50000
QPSK,random_walk,0,-5,NLMS-DD,-0.278793560782512,0.48954,24477,50000
QPSK,random_walk,0,0,No Processing,0.01092034396573566,0.21486,10743,50000
QPSK,random_walk,0,0,LMS-Frozen,1.0607791038412668,0.25576,12788,50000
QPSK,random_walk,0,0,LMS-DD,-0.43933875993105376,0.48654,24327,50000
QPSK,random_walk,0,0,NLMS-Frozen,1.0313711544017201,0.2541,12705,50000
QPSK,random_walk,0,0,NLMS-DD,-0.5091957349218347,0.49818,24909,50000
QPSK,random_walk,0,5,No Processing,5.06645436203632,0.11944,5972,50000
QPSK,random_walk,0,5,LMS-Frozen,2.472945462147669,0.146,7300,50000
QPSK,random_walk,0,5,LMS-DD,-0.661013029397816,0.47964,23982,50000
QPSK,random_walk,0,5,NLMS-Frozen,2.3933984295960573,0.14874,7437,50000
QPSK,random_walk,0,5,NLMS-DD,-0.73190312604557,0.488,24400,50000
QPSK,random_walk,0,10,No Processing,10.071300731567554,0.06844,3422,50000
QPSK,random_walk,0,10,LMS-Frozen,3.8741336003820592,0.06954,3477,50000
QPSK,random_walk,0,10,LMS-DD,-0.8305900924667698,0.47324,23662,50000
QPSK,random_walk,0,10,NLMS-Frozen,3.5370644567972596,0.07904,3952,50000
QPSK,random_walk,0,10,NLMS-DD,-0.8939606905138241,0.48356,24178,50000
QPSK,random_walk,0,15,No Processing,15.102110466486877,0.05434,2717,50000
QPSK,random_walk,0,15,LMS-Frozen,4.710551999634757,0.03174,1587,50000
QPSK,random_walk,0,15,LMS-DD,-0.9172079818011837,0.47782,23891,50000
QPSK,random_walk,0,15,NLMS-Frozen,4.2663396496703125,0.03974,1987,50000
QPSK,random_walk,0,15,NLMS-DD,-0.956296942805801,0.47668,23834,50000
QPSK,random_walk,1,-5,No Processing,-4.990284122773334,0.32028,16014,50000
QPSK,random_walk,1,-5,LMS-Frozen,0.48328607433591,0.34532,17266,50000
QPSK,random_walk,1,-5,LMS-DD,-0.34887674702629556,0.50072,25036,50000
QPSK,random_walk,1,-5,NLMS-Frozen,0.4834744626120758,0.34504,17252,50000
QPSK,random_walk,1,-5,NLMS-DD,-0.30811833631046703,0.49312,24656,50000
QPSK,random_walk,1,0,No Processing,0.04914994442023847,0.21818,10909,50000
QPSK,random_walk,1,0,LMS-Frozen,1.285999364140161,0.2325,11625,50000
QPSK,random_walk,1,0,LMS-DD,-0.38227056596710973,0.48586,24293,50000
QPSK,random_walk,1,0,NLMS-Frozen,1.2733510181023868,0.23394,11697,50000
QPSK,random_walk,1,0,NLMS-DD,-0.3963479225842647,0.48632,24316,50000
QPSK,random_walk,1,5,No Processing,5.058664320216893,0.12022,6011,50000
QPSK,random_walk,1,5,LMS-Frozen,2.319574569286525,0.11872,5936,50000
QPSK,random_walk,1,5,LMS-DD,-0.6940087797078571,0.47202,23601,50000
QPSK,random_walk,1,5,NLMS-Frozen,2.2733282871363727,0.11874,5937,50000
QPSK,random_walk,1,5,NLMS-DD,-0.6516943964548854,0.48918,24459,50000
QPSK,random_walk,1,10,No Processing,10.07453901379763,0.06656,3328,50000
QPSK,random_walk,1,10,LMS-Frozen,3.418993921968649,0.05656,2828,50000
QPSK,random_walk,1,10,LMS-DD,-0.8609283286891739,0.48212,24106,50000
QPSK,random_walk,1,10,NLMS-Frozen,3.362254218712838,0.0558,2790,50000
QPSK,random_walk,1,10,NLMS-DD,-0.9120671887039156,0.47928,23964,50000
QPSK,random_walk,1,15,No Processing,15.061157446593977,0.04916,2458,50000
QPSK,random_walk,1,15,LMS-Frozen,4.475811085858019,0.03822,1911,50000
QPSK,random_walk,1,15,LMS-DD,-0.8990875887249663,0.47434,23717,50000
QPSK,random_walk,1,15,NLMS-Frozen,4.377578467786113,0.0372,1860,50000
QPSK,random_walk,1,15,NLMS-DD,-0.9510472041748073,0.47878,23939,50000
QPSK,random_walk,2,-5,No Processing,-4.844076366431368,0.30346,15173,50000
QPSK,random_walk,2,-5,LMS-Frozen,0.5739778564105056,0.33104,16552,50000
QPSK,random_walk,2,-5,LMS-DD,-0.21616661354251443,0.4821,24105,50000
QPSK,random_walk,2,-5,NLMS-Frozen,0.5711664183918493,0.33168,16584,50000
QPSK,random_walk,2,-5,NLMS-DD,-0.25582398506658843,0.49734,24867,50000
QPSK,random_walk,2,0,No Processing,0.10027510368679493,0.18806,9403,50000
QPSK,random_walk,2,0,LMS-Frozen,1.3122181735536087,0.20978,10489,50000
QPSK,random_walk,2,0,LMS-DD,-0.31857605062334104,0.48378,24189,50000
QPSK,random_walk,2,0,NLMS-Frozen,1.3167835652028463,0.21116,10558,50000
QPSK,random_walk,2,0,NLMS-DD,-0.31014314020200445,0.48842,24421,50000
QPSK,random_walk,2,5,No Processing,5.184159745854208,0.07766,3883,50000
QPSK,random_walk,2,5,LMS-Frozen,2.382514874452016,0.08328,4164,50000
QPSK,random_walk,2,5,LMS-DD,-0.6254476543466904,0.47686,23843,50000
QPSK,random_walk,2,5,NLMS-Frozen,2.3419476402215955,0.08396,4198,50000
QPSK,random_walk,2,5,NLMS-DD,-0.6297621235715487,0.48616,24308,50000
QPSK,random_walk,2,10,No Processing,10.103900415067429,0.01906,953,50000
QPSK,random_walk,2,10,LMS-Frozen,3.396160324314894,0.02178,1089,50000
QPSK,random_walk,2,10,LMS-DD,-0.7280222726192223,0.4769,23845,50000
QPSK,random_walk,2,10,NLMS-Frozen,3.336106386502555,0.02236,1118,50000
QPSK,random_walk,2,10,NLMS-DD,-0.7325288971049692,0.47094,23547,50000
QPSK,random_walk,2,15,No Processing,15.118024853488807,0.00382,191,50000
QPSK,random_walk,2,15,LMS-Frozen,4.363754732957127,0.0036,180,50000
QPSK,random_walk,2,15,LMS-DD,-0.7867783460346358,0.4744,23720,50000
QPSK,random_walk,2,15,NLMS-Frozen,4.298829429482272,0.00372,186,50000
QPSK,random_walk,2,15,NLMS-DD,-0.8059990510851585,0.47574,23787,50000
QPSK,random_walk,3,-5,No Processing,-4.972751365193709,0.33078,16539,50000
QPSK,random_walk,3,-5,LMS-Frozen,0.48423356684483876,0.34338,17169,50000
QPSK,random_walk,3,-5,LMS-DD,-0.27500899551499847,0.49936,24968,50000
QPSK,random_walk,3,-5,NLMS-Frozen,0.4749709928659835,0.344,17200,50000
QPSK,random_walk,3,-5,NLMS-DD,-0.28823784537005614,0.5029,25145,50000
QPSK,random_walk,3,0,No Processing,-0.04822387363039339,0.23492,11746,50000
QPSK,random_walk,3,0,LMS-Frozen,1.1026699842627976,0.23766,11883,50000
QPSK,random_walk,3,0,LMS-DD,-0.31112955089082817,0.4851,24255,50000
QPSK,random_walk,3,0,NLMS-Frozen,1.083189010447614,0.23934,11967,50000
QPSK,random_walk,3,0,NLMS-DD,-0.3756411000204767,0.4914,24570,50000
QPSK,random_walk,3,5,No Processing,5.042295663982817,0.14518,7259,50000
QPSK,random_walk,3,5,LMS-Frozen,2.2428209599473807,0.11908,5954,50000
QPSK,random_walk,3,5,LMS-DD,-0.6303605720774942,0.48534,24267,50000
QPSK,random_walk,3,5,NLMS-Frozen,2.1492104440525592,0.11838,5919,50000
QPSK,random_walk,3,5,NLMS-DD,-0.6186436696801249,0.47396,23698,50000
QPSK,random_walk,3,10,No Processing,10.037290192597297,0.0993,4965,50000
QPSK,random_walk,3,10,LMS-Frozen,3.5458208123949806,0.0475,2375,50000
QPSK,random_walk,3,10,LMS-DD,-0.7841886224419569,0.4808,24040,50000
QPSK,random_walk,3,10,NLMS-Frozen,3.3097685232868637,0.04932,2466,50000
QPSK,random_walk,3,10,NLMS-DD,-0.8661863803759053,0.48596,24298,50000
QPSK,random_walk,3,15,No Processing,15.028402951590165,0.0836,4180,50000
QPSK,random_walk,3,15,LMS-Frozen,4.5845219677866975,0.03054,1527,50000
QPSK,random_walk,3,15,LMS-DD,-0.8546098759759495,0.4804,24020,50000
QPSK,random_walk,3,15,NLMS-Frozen,4.228823301445935,0.0306,1530,50000
QPSK,random_walk,3,15,NLMS-DD,-0.888717677480836,0.48378,24189,50000
QPSK,random_walk,4,-5,No Processing,-4.872291734324693,0.31692,15846,50000
QPSK,random_walk,4,-5,LMS-Frozen,0.7654994324024607,0.33862,16931,50000
QPSK,random_walk,4,-5,LMS-DD,-0.39301191029513965,0.49568,24784,50000
QPSK,random_walk,4,-5,NLMS-Frozen,0.7705953298594036,0.33982,16991,50000
QPSK,random_walk,4,-5,NLMS-DD,-0.42826273505286994,0.49182,24591,50000
QPSK,random_walk,4,0,No Processing,0.11763785429639675,0.21338,10669,50000
QPSK,random_walk,4,0,LMS-Frozen,1.9143882598896558,0.23274,11637,50000
QPSK,random_walk,4,0,LMS-DD,-0.5394517731465475,0.48298,24149,50000
QPSK,random_walk,4,0,NLMS-Frozen,1.9190311366344668,0.23354,11677,50000
QPSK,random_walk,4,0,NLMS-DD,-0.6894029341756726,0.4927,24635,50000
QPSK,random_walk,4,5,No Processing,5.107743245270402,0.11892,5946,50000
QPSK,random_walk,4,5,LMS-Frozen,3.763969541930494,0.12782,6391,50000
QPSK,random_walk,4,5,LMS-DD,-0.9895850101553494,0.4793,23965,50000
QPSK,random_walk,4,5,NLMS-Frozen,3.759331585945027,0.12758,6379,50000
QPSK,random_walk,4,5,NLMS-DD,-0.9236334783769384,0.48218,24109,50000
QPSK,random_walk,4,10,No Processing,10.053419597094294,0.06628,3314,50000
QPSK,random_walk,4,10,LMS-Frozen,5.90186546583841,0.07294,3647,50000
QPSK,random_walk,4,10,LMS-DD,-1.2140086722669836,0.48158,24079,50000
QPSK,random_walk,4,10,NLMS-Frozen,5.755418211533502,0.07302,3651,50000
QPSK,random_walk,4,10,NLMS-DD,-1.2060868327228076,0.48348,24174,50000
QPSK,random_walk,4,15,No Processing,15.121209289287274,0.046,2300,50000
QPSK,random_walk,4,15,LMS-Frozen,7.942014318130667,0.05566,2783,50000
QPSK,random_walk,4,15,LMS-DD,-1.2778780662647302,0.4724,23620,50000
QPSK,random_walk,4,15,NLMS-Frozen,7.597146230094141,0.05508,2754,50000
QPSK,random_walk,4,15,NLMS-DD,-1.3015768853514962,0.47616,23808,50000
