modulation,channel_mode,snr_db_in,method,snr_db_out_vs_postisi_ref_mean,snr_db_out_vs_postisi_ref_std,ber_mean,ber_total_errors,ber_total_bits,ber_95ci_upper_bound,n_trials,dd_engaged_fraction
BPSK,sinusoidal,-5,No Processing,-4.961,0.041,0.222944,27868,125000,,5,
BPSK,sinusoidal,0,No Processing,0.008,0.036,0.092088,11511,125000,,5,
BPSK,sinusoidal,5,No Processing,5.054,0.036,0.010112,1264,125000,,5,
BPSK,sinusoidal,10,No Processing,10.03,0.022,3.2e-05,4,125000,,5,
BPSK,sinusoidal,15,No Processing,15.048,0.02,0.0,0,125000,2.4e-05,5,
BPSK,sinusoidal,-5,LMS-Frozen,0.688,0.046,0.258712,32339,125000,,5,
BPSK,sinusoidal,0,LMS-Frozen,1.612,0.128,0.126312,15789,125000,,5,
BPSK,sinusoidal,5,LMS-Frozen,3.12,0.359,0.025384,3173,125000,,5,
BPSK,sinusoidal,10,LMS-Frozen,4.768,0.67,0.000488,61,125000,,5,
BPSK,sinusoidal,15,LMS-Frozen,6.385,1.14,2.4e-05,3,125000,,5,
BPSK,sinusoidal,-5,LMS-DD,-0.59,0.052,0.485728,60716,125000,,5,1.0
BPSK,sinusoidal,0,LMS-DD,-0.911,0.102,0.48108,60135,125000,,5,1.0
BPSK,sinusoidal,5,LMS-DD,-1.047,0.026,0.478816,59852,125000,,5,1.0
BPSK,sinusoidal,10,LMS-DD,-1.128,0.066,0.478792,59849,125000,,5,1.0
BPSK,sinusoidal,15,LMS-DD,-1.177,0.06,0.4782,59775,125000,,5,1.0
BPSK,sinusoidal,-5,NLMS-Frozen,0.687,0.044,0.258824,32353,125000,,5,
BPSK,sinusoidal,0,NLMS-Frozen,1.606,0.13,0.127584,15948,125000,,5,
BPSK,sinusoidal,5,NLMS-Frozen,3.072,0.352,0.026272,3284,125000,,5,
BPSK,sinusoidal,10,NLMS-Frozen,4.628,0.583,0.000672,84,125000,,5,
BPSK,sinusoidal,15,NLMS-Frozen,6.097,0.986,3.2e-05,4,125000,,5,
BPSK,sinusoidal,-5,NLMS-DD,-0.585,0.045,0.489392,61174,125000,,5,1.0
BPSK,sinusoidal,0,NLMS-DD,-0.943,0.044,0.485064,60633,125000,,5,1.0
BPSK,sinusoidal,5,NLMS-DD,-1.163,0.078,0.486536,60817,125000,,5,1.0
BPSK,sinusoidal,10,NLMS-DD,-1.187,0.045,0.479744,59968,125000,,5,1.0
BPSK,sinusoidal,15,NLMS-DD,-1.218,0.071,0.478368,59796,125000,,5,1.0
BPSK,random_walk,-5,No Processing,-4.925,0.055,0.245272,30659,125000,,5,
BPSK,random_walk,0,No Processing,0.044,0.059,0.125448,15681,125000,,5,
BPSK,random_walk,5,No Processing,5.09,0.049,0.037352,4669,125000,,5,
BPSK,random_walk,10,No Processing,10.067,0.021,0.011616,1452,125000,,5,
BPSK,random_walk,15,No Processing,15.085,0.035,0.007104,888,125000,,5,
BPSK,random_walk,-5,LMS-Frozen,0.589,0.146,0.279832,34979,125000,,5,
BPSK,random_walk,0,LMS-Frozen,1.364,0.319,0.154896,19362,125000,,5,
BPSK,random_walk,5,LMS-Frozen,2.639,0.537,0.051448,6431,125000,,5,
BPSK,random_walk,10,LMS-Frozen,4.016,0.863,0.0104,1300,125000,,5,
BPSK,random_walk,15,LMS-Frozen,5.235,1.353,0.00544,680,125000,,5,
BPSK,random_walk,-5,LMS-DD,-0.478,0.071,0.490168,61271,125000,,5,1.0
BPSK,random_walk,0,LMS-DD,-0.734,0.124,0.487904,60988,125000,,5,1.0
BPSK,random_walk,5,LMS-DD,-0.864,0.131,0.48276,60345,125000,,5,1.0
BPSK,random_walk,10,LMS-DD,-0.922,0.152,0.478224,59778,125000,,5,1.0
BPSK,random_walk,15,LMS-DD,-0.978,0.13,0.478296,59787,125000,,5,1.0
BPSK,random_walk,-5,NLMS-Frozen,0.588,0.147,0.280416,35052,125000,,5,
BPSK,random_walk,0,NLMS-Frozen,1.359,0.331,0.155928,19491,125000,,5,
BPSK,random_walk,5,NLMS-Frozen,2.591,0.548,0.053744,6718,125000,,5,
BPSK,random_walk,10,NLMS-Frozen,3.813,0.888,0.011568,1446,125000,,5,
BPSK,random_walk,15,NLMS-Frozen,4.938,1.346,0.0052,650,125000,,5,
BPSK,random_walk,-5,NLMS-DD,-0.486,0.089,0.495904,61988,125000,,5,1.0
BPSK,random_walk,0,NLMS-DD,-0.78,0.142,0.494352,61794,125000,,5,1.0
BPSK,random_walk,5,NLMS-DD,-0.876,0.144,0.480984,60123,125000,,5,1.0
BPSK,random_walk,10,NLMS-DD,-0.956,0.189,0.477016,59627,125000,,5,1.0
BPSK,random_walk,15,NLMS-DD,-1.001,0.178,0.47904,59880,125000,,5,1.0
QPSK,sinusoidal,-5,No Processing,-4.959,0.041,0.301488,75372,250000,,5,
QPSK,sinusoidal,0,No Processing,0.01,0.036,0.183424,45856,250000,,5,
QPSK,sinusoidal,5,No Processing,5.056,0.036,0.0688,17200,250000,,5,
QPSK,sinusoidal,10,No Processing,10.032,0.022,0.011688,2922,250000,,5,
QPSK,sinusoidal,15,No Processing,15.05,0.02,0.000624,156,250000,,5,
QPSK,sinusoidal,-5,LMS-Frozen,0.642,0.063,0.325452,81363,250000,,5,
QPSK,sinusoidal,0,LMS-Frozen,1.574,0.09,0.203132,50783,250000,,5,
QPSK,sinusoidal,5,LMS-Frozen,3.088,0.287,0.069824,17456,250000,,5,
QPSK,sinusoidal,10,LMS-Frozen,4.747,0.659,0.007008,1752,250000,,5,
QPSK,sinusoidal,15,LMS-Frozen,6.347,1.075,9.2e-05,23,250000,,5,
QPSK,sinusoidal,-5,LMS-DD,-0.387,0.068,0.494624,123656,250000,,5,1.0
QPSK,sinusoidal,0,LMS-DD,-0.536,0.025,0.490188,122547,250000,,5,1.0
QPSK,sinusoidal,5,LMS-DD,-0.938,0.073,0.479364,119841,250000,,5,1.0
QPSK,sinusoidal,10,LMS-DD,-1.102,0.064,0.479616,119904,250000,,5,1.0
QPSK,sinusoidal,15,LMS-DD,-1.148,0.045,0.475712,118928,250000,,5,1.0
QPSK,sinusoidal,-5,NLMS-Frozen,0.639,0.057,0.325608,81402,250000,,5,
QPSK,sinusoidal,0,NLMS-Frozen,1.558,0.096,0.204392,51098,250000,,5,
QPSK,sinusoidal,5,NLMS-Frozen,3.034,0.259,0.070656,17664,250000,,5,
QPSK,sinusoidal,10,NLMS-Frozen,4.63,0.546,0.00726,1815,250000,,5,
QPSK,sinusoidal,15,NLMS-Frozen,6.095,0.914,9.2e-05,23,250000,,5,
QPSK,sinusoidal,-5,NLMS-DD,-0.385,0.025,0.491772,122943,250000,,5,1.0
QPSK,sinusoidal,0,NLMS-DD,-0.487,0.065,0.484728,121182,250000,,5,1.0
QPSK,sinusoidal,5,NLMS-DD,-0.922,0.043,0.481004,120251,250000,,5,1.0
QPSK,sinusoidal,10,NLMS-DD,-1.123,0.053,0.47678,119195,250000,,5,1.0
QPSK,sinusoidal,15,NLMS-DD,-1.183,0.057,0.479212,119803,250000,,5,1.0
QPSK,random_walk,-5,No Processing,-4.924,0.057,0.31804,79510,250000,,5,
QPSK,random_walk,0,No Processing,0.046,0.06,0.21388,53470,250000,,5,
QPSK,random_walk,5,No Processing,5.092,0.051,0.116284,29071,250000,,5,
QPSK,random_walk,10,No Processing,10.068,0.022,0.063928,15982,250000,,5,
QPSK,random_walk,15,No Processing,15.086,0.036,0.047384,11846,250000,,5,
QPSK,random_walk,-5,LMS-Frozen,0.532,0.137,0.343504,85876,250000,,5,
QPSK,random_walk,0,LMS-Frozen,1.335,0.306,0.233688,58422,250000,,5,
QPSK,random_walk,5,LMS-Frozen,2.636,0.569,0.11898,29745,250000,,5,
QPSK,random_walk,10,LMS-Frozen,4.027,0.953,0.053664,13416,250000,,5,
QPSK,random_walk,15,LMS-Frozen,5.215,1.368,0.031952,7988,250000,,5,
QPSK,random_walk,-5,LMS-DD,-0.313,0.061,0.495296,123824,250000,,5,1.0
QPSK,random_walk,0,LMS-DD,-0.398,0.085,0.484852,121213,250000,,5,1.0
QPSK,random_walk,5,LMS-DD,-0.72,0.137,0.478632,119658,250000,,5,1.0
QPSK,random_walk,10,LMS-DD,-0.884,0.171,0.478928,119732,250000,,5,1.0
QPSK,random_walk,15,LMS-DD,-0.947,0.171,0.475872,118968,250000,,5,1.0
QPSK,random_walk,-5,NLMS-Frozen,0.532,0.136,0.343456,85864,250000,,5,
QPSK,random_walk,0,NLMS-Frozen,1.325,0.316,0.234416,58604,250000,,5,
QPSK,random_walk,5,NLMS-Frozen,2.583,0.594,0.11948,29870,250000,,5,
QPSK,random_walk,10,NLMS-Frozen,3.86,0.951,0.055908,13977,250000,,5,
QPSK,random_walk,15,NLMS-Frozen,4.954,1.323,0.033268,8317,250000,,5,
QPSK,random_walk,-5,NLMS-DD,-0.312,0.061,0.494944,123736,250000,,5,1.0
QPSK,random_walk,0,NLMS-DD,-0.456,0.133,0.491404,122851,250000,,5,1.0
QPSK,random_walk,5,NLMS-DD,-0.711,0.113,0.483896,120974,250000,,5,1.0
QPSK,random_walk,10,NLMS-DD,-0.922,0.155,0.480644,120161,250000,,5,1.0
QPSK,random_walk,15,NLMS-DD,-0.981,0.169,0.478228,119557,250000,,5,1.0
